2026-08-13 00:07:44  WARN: Geocoder network error - HTTP 429 Too Many Requests - ClientErrorException (... < JsonGeocoder:152 < ServerResource:129 < ... < WebServer:130 < ... < OverrideFileFilter:55 < ...)
2026-08-13 00:07:44  WARN: Geocoder network error - HTTP 429 Too Many Requests - ClientErrorException (... < JsonGeocoder:152 < ServerResource:129 < ... < WebServer:130 < ... < OverrideFileFilter:55 < ...)
2026-08-13 00:10:31  INFO: login failed from: 172.18.0.4
2026-08-13 00:10:34  INFO: login failed from: 172.18.0.4
2026-08-13 00:10:36  INFO: login failed from: 172.18.0.4
2026-08-13 00:10:38  INFO: login failed from: 172.18.0.4
2026-08-13 00:10:41  INFO: login failed from: 172.18.0.4
2026-08-13 00:10:45  INFO: login failed from: 172.18.0.4
2026-08-13 00:10:54  INFO: login failed from: 172.18.0.4
2026-08-13 00:11:53  INFO: login failed from: 172.18.0.4
2026-08-13 00:12:14  INFO: login failed from: 172.18.0.4
2026-08-13 00:12:39  INFO: login failed from: 172.18.0.4
2026-08-13 00:12:40  INFO: login failed from: 172.18.0.4
2026-08-13 00:14:49  INFO: Operating system name: Linux version: 6.6.87.2-microsoft-standard-WSL2 architecture: amd64
2026-08-13 00:14:49  INFO: Java runtime name: OpenJDK 64-Bit Server VM vendor: Eclipse Adoptium version: 21.0.11+10-LTS
2026-08-13 00:14:49  INFO: Memory limit heap: 1986mb non-heap: 0mb
2026-08-13 00:14:49  INFO: Character encoding: UTF-8
2026-08-13 00:14:49  INFO: Version: 6.14.5
2026-08-13 00:14:49  INFO: Starting server...
2026-08-13 00:14:50  INFO: HikariPool-1 - Starting...
2026-08-13 00:14:52  INFO: HikariPool-1 - Added connection com.mysql.cj.jdbc.ConnectionImpl@aced190
2026-08-13 00:14:52  INFO: HikariPool-1 - Start completed.
2026-08-13 00:14:53  INFO: Successfully acquired change log lock
2026-08-13 00:14:53  INFO: Clearing database change log checksums for database mariadb
2026-08-13 00:14:54  INFO: Successfully released change log lock
2026-08-13 00:14:54  INFO: Command execution complete
2026-08-13 00:14:55  INFO: Reading from traccar.databasechangelog
2026-08-13 00:14:57  INFO: Reading from traccar.databasechangelog
2026-08-13 00:14:57  INFO: Reading from traccar.databasechangelog
2026-08-13 00:14:57  INFO: UPDATE SUMMARY
2026-08-13 00:14:57  INFO: Run:                          0
2026-08-13 00:14:57  INFO: Previously run:              33
2026-08-13 00:14:57  INFO: Filtered out:                 1
2026-08-13 00:14:57  INFO: -------------------------------
2026-08-13 00:14:57  INFO: Total change sets:           34
2026-08-13 00:14:57  INFO: FILTERED CHANGE SETS SUMMARY
2026-08-13 00:14:57  INFO: DBMS mismatch:                1
2026-08-13 00:14:57  INFO: Update summary generated
2026-08-13 00:14:57  INFO: Command execution complete
2026-08-13 00:15:01  INFO: jetty-12.1.8; built: 2026-04-01T01:09:18.991Z; git: c9cdc9aaa434a3665b8a53b4d1cc3684992da649; jvm 21.0.11+10-LTS
2026-08-13 00:15:01  INFO: Session workerName=node0
2026-08-13 00:15:01  INFO: Started oeje10s.ServletContextHandler@1f6f0fe2{ROOT,/,b=file:///opt/traccar/web/,a=AVAILABLE,h=oeje10s.SessionHandler@22604c7e{STARTED}}
2026-08-13 00:15:04  INFO: Started oeje10s.ServletContextHandler@1f6f0fe2{ROOT,/,b=file:///opt/traccar/web/,a=AVAILABLE,h=oeje10s.SessionHandler@22604c7e{STARTED}}
2026-08-13 00:15:04  INFO: Started oejs.ServerConnector@857f1a7{HTTP/1.1, (http/1.1)}{0.0.0.0:8082}
2026-08-13 00:15:04  INFO: Started oejs.Server@682fe17b{STARTING}[12.1.8,sto=0] @3125ms
2026-08-13 00:15:12  INFO: login failed from: 172.18.0.4
2026-08-13 00:15:17  INFO: login failed from: 172.18.0.4
2026-08-13 00:15:40  INFO: login failed from: 172.18.0.4
2026-08-13 00:16:04  INFO: login failed from: 172.18.0.1
2026-08-13 00:16:08  INFO: login failed from: 172.18.0.4
2026-08-13 00:17:38  INFO: login failed from: 172.18.0.4
2026-08-13 00:22:19  WARN: Geocoder network error - HTTP 429 Too Many Requests - ClientErrorException (... < JsonGeocoder:152 < ServerResource:129 < ... < WebServer:130 < ... < OverrideFileFilter:55 < ...)
2026-08-13 00:22:19  WARN: Geocoder network error - HTTP 429 Too Many Requests - ClientErrorException (... < JsonGeocoder:152 < ServerResource:129 < ... < WebServer:130 < ... < OverrideFileFilter:55 < ...)
2026-08-13 00:22:33  WARN: baseResource file:///opt/traccar/./media is not a readable directory
2026-08-13 00:44:40  INFO: Operating system name: Linux version: 6.6.87.2-microsoft-standard-WSL2 architecture: amd64
2026-08-13 00:44:40  INFO: Java runtime name: OpenJDK 64-Bit Server VM vendor: Eclipse Adoptium version: 21.0.11+10-LTS
2026-08-13 00:44:40  INFO: Memory limit heap: 1986mb non-heap: 0mb
2026-08-13 00:44:40  INFO: Character encoding: UTF-8
2026-08-13 00:44:40  INFO: Version: 6.14.5
2026-08-13 00:44:40  INFO: Starting server...
2026-08-13 00:44:42  INFO: HikariPool-1 - Starting...
2026-08-13 00:44:43  INFO: HikariPool-1 - Added connection com.mysql.cj.jdbc.ConnectionImpl@aced190
2026-08-13 00:44:43  INFO: HikariPool-1 - Start completed.
2026-08-13 00:44:45  INFO: Successfully acquired change log lock
2026-08-13 00:44:45  INFO: Clearing database change log checksums for database mariadb
2026-08-13 00:44:45  INFO: Successfully released change log lock
2026-08-13 00:44:45  INFO: Command execution complete
2026-08-13 00:44:48  INFO: Reading from traccar.databasechangelog
2026-08-13 00:44:53  INFO: Reading from traccar.databasechangelog
2026-08-13 00:44:53  INFO: Reading from traccar.databasechangelog
2026-08-13 00:44:53  INFO: UPDATE SUMMARY
2026-08-13 00:44:53  INFO: Run:                          0
2026-08-13 00:44:53  INFO: Previously run:              33
2026-08-13 00:44:53  INFO: Filtered out:                 1
2026-08-13 00:44:53  INFO: -------------------------------
2026-08-13 00:44:53  INFO: Total change sets:           34
2026-08-13 00:44:53  INFO: FILTERED CHANGE SETS SUMMARY
2026-08-13 00:44:53  INFO: DBMS mismatch:                1
2026-08-13 00:44:53  INFO: Update summary generated
2026-08-13 00:44:53  INFO: Command execution complete
2026-08-13 00:44:57  INFO: jetty-12.1.8; built: 2026-04-01T01:09:18.991Z; git: c9cdc9aaa434a3665b8a53b4d1cc3684992da649; jvm 21.0.11+10-LTS
2026-08-13 00:44:57  INFO: Session workerName=node0
2026-08-13 00:44:57  INFO: Started oeje10s.ServletContextHandler@2ae2fa13{ROOT,/,b=file:///opt/traccar/web/,a=AVAILABLE,h=oeje10s.SessionHandler@66e12c3b{STARTED}}
2026-08-13 00:44:58  INFO: Started oeje10s.ServletContextHandler@2ae2fa13{ROOT,/,b=file:///opt/traccar/web/,a=AVAILABLE,h=oeje10s.SessionHandler@66e12c3b{STARTED}}
2026-08-13 00:44:58  INFO: Started oejs.ServerConnector@9976b27{HTTP/1.1, (http/1.1)}{0.0.0.0:8082}
2026-08-13 00:44:58  INFO: Started oejs.Server@4fe9a396{STARTING}[12.1.8,sto=0] @1621ms
2026-08-13 00:45:09  WARN: Geocoder network error - HTTP 429 Too Many Requests - ClientErrorException (... < JsonGeocoder:152 < ServerResource:129 < ... < WebServer:130 < ... < OverrideFileFilter:55 < ...)
2026-08-13 00:45:09  WARN: Geocoder network error - HTTP 429 Too Many Requests - ClientErrorException (... < JsonGeocoder:152 < ServerResource:129 < ... < WebServer:130 < ... < OverrideFileFilter:55 < ...)
2026-08-13 00:50:44  WARN: baseResource file:///opt/traccar/./media is not a readable directory
2026-08-13 00:55:11  WARN: Geocoder network error - HTTP 429 Too Many Requests - ClientErrorException (... < JsonGeocoder:152 < ServerResource:129 < ... < WebServer:130 < ... < OverrideFileFilter:55 < ...)
2026-08-13 00:55:11  WARN: Geocoder network error - HTTP 429 Too Many Requests - ClientErrorException (... < JsonGeocoder:152 < ServerResource:129 < ... < WebServer:130 < ... < OverrideFileFilter:55 < ...)
2026-08-13 00:59:54  INFO: Operating system name: Linux version: 6.6.87.2-microsoft-standard-WSL2 architecture: amd64
2026-08-13 00:59:54  INFO: Java runtime name: OpenJDK 64-Bit Server VM vendor: Eclipse Adoptium version: 21.0.11+10-LTS
2026-08-13 00:59:54  INFO: Memory limit heap: 1986mb non-heap: 0mb
2026-08-13 00:59:54  INFO: Character encoding: UTF-8
2026-08-13 00:59:54  INFO: Version: 6.14.5
2026-08-13 00:59:54  INFO: Starting server...
2026-08-13 00:59:54  INFO: HikariPool-1 - Starting...
2026-08-13 00:59:56  INFO: HikariPool-1 - Added connection com.mysql.cj.jdbc.ConnectionImpl@aced190
2026-08-13 00:59:56  INFO: HikariPool-1 - Start completed.
2026-08-13 00:59:57  INFO: Successfully acquired change log lock
2026-08-13 00:59:57  INFO: Clearing database change log checksums for database mariadb
2026-08-13 00:59:57  INFO: Successfully released change log lock
2026-08-13 00:59:57  INFO: Command execution complete
2026-08-13 00:59:58  INFO: Reading from traccar.databasechangelog
2026-08-13 01:00:00  INFO: Reading from traccar.databasechangelog
2026-08-13 01:00:00  INFO: Reading from traccar.databasechangelog
2026-08-13 01:00:00  INFO: UPDATE SUMMARY
2026-08-13 01:00:00  INFO: Run:                          0
2026-08-13 01:00:00  INFO: Previously run:              33
2026-08-13 01:00:00  INFO: Filtered out:                 1
2026-08-13 01:00:00  INFO: -------------------------------
2026-08-13 01:00:00  INFO: Total change sets:           34
2026-08-13 01:00:00  INFO: FILTERED CHANGE SETS SUMMARY
2026-08-13 01:00:00  INFO: DBMS mismatch:                1
2026-08-13 01:00:00  INFO: Update summary generated
2026-08-13 01:00:00  INFO: Command execution complete
2026-08-13 01:00:03  INFO: jetty-12.1.8; built: 2026-04-01T01:09:18.991Z; git: c9cdc9aaa434a3665b8a53b4d1cc3684992da649; jvm 21.0.11+10-LTS
2026-08-13 01:00:03  INFO: Session workerName=node0
2026-08-13 01:00:03  INFO: Started oeje10s.ServletContextHandler@2ae2fa13{ROOT,/,b=file:///opt/traccar/web/,a=AVAILABLE,h=oeje10s.SessionHandler@66e12c3b{STARTED}}
2026-08-13 01:00:04  INFO: Started oeje10s.ServletContextHandler@2ae2fa13{ROOT,/,b=file:///opt/traccar/web/,a=AVAILABLE,h=oeje10s.SessionHandler@66e12c3b{STARTED}}
2026-08-13 01:00:04  INFO: Started oejs.ServerConnector@21affd29{HTTP/1.1, (http/1.1)}{0.0.0.0:8082}
2026-08-13 01:00:04  INFO: Started oejs.Server@9976b27{STARTING}[12.1.8,sto=0] @1069ms
2026-08-13 01:00:55  WARN: baseResource file:///opt/traccar/./media is not a readable directory
2026-08-13 01:02:47  WARN: Geocoder network error - HTTP 429 Too Many Requests - ClientErrorException (... < JsonGeocoder:152 < ServerResource:129 < ... < WebServer:130 < ... < OverrideFileFilter:55 < ...)
2026-08-13 01:18:30  WARN: Geocoder network error - HTTP 429 Too Many Requests - ClientErrorException (... < JsonGeocoder:152 < ServerResource:129 < ... < WebServer:130 < ... < OverrideFileFilter:55 < ...)
2026-08-13 01:18:30  WARN: Geocoder network error - HTTP 429 Too Many Requests - ClientErrorException (... < JsonGeocoder:152 < ServerResource:129 < ... < WebServer:130 < ... < OverrideFileFilter:55 < ...)
2026-08-13 03:01:39  INFO: Operating system name: Linux version: 6.6.87.2-microsoft-standard-WSL2 architecture: amd64
2026-08-13 03:01:39  INFO: Java runtime name: OpenJDK 64-Bit Server VM vendor: Eclipse Adoptium version: 21.0.11+10-LTS
2026-08-13 03:01:39  INFO: Memory limit heap: 1986mb non-heap: 0mb
2026-08-13 03:01:39  INFO: Character encoding: UTF-8
2026-08-13 03:01:39  INFO: Version: 6.14.5
2026-08-13 03:01:39  INFO: Starting server...
2026-08-13 03:01:40  INFO: HikariPool-1 - Starting...
2026-08-13 03:01:41  INFO: HikariPool-1 - Added connection com.mysql.cj.jdbc.ConnectionImpl@aced190
2026-08-13 03:01:41  INFO: HikariPool-1 - Start completed.
2026-08-13 03:01:42  INFO: Successfully acquired change log lock
2026-08-13 03:01:42  INFO: Clearing database change log checksums for database mariadb
2026-08-13 03:01:42  INFO: Successfully released change log lock
2026-08-13 03:01:42  INFO: Command execution complete
2026-08-13 03:01:43  INFO: Reading from traccar.databasechangelog
2026-08-13 03:01:44  INFO: Reading from traccar.databasechangelog
2026-08-13 03:01:44  INFO: Reading from traccar.databasechangelog
2026-08-13 03:01:44  INFO: UPDATE SUMMARY
2026-08-13 03:01:44  INFO: Run:                          0
2026-08-13 03:01:44  INFO: Previously run:              33
2026-08-13 03:01:44  INFO: Filtered out:                 1
2026-08-13 03:01:44  INFO: -------------------------------
2026-08-13 03:01:44  INFO: Total change sets:           34
2026-08-13 03:01:44  INFO: FILTERED CHANGE SETS SUMMARY
2026-08-13 03:01:44  INFO: DBMS mismatch:                1
2026-08-13 03:01:44  INFO: Update summary generated
2026-08-13 03:01:44  INFO: Command execution complete
2026-08-13 03:01:47  INFO: jetty-12.1.8; built: 2026-04-01T01:09:18.991Z; git: c9cdc9aaa434a3665b8a53b4d1cc3684992da649; jvm 21.0.11+10-LTS
2026-08-13 03:01:47  INFO: Session workerName=node0
2026-08-13 03:01:47  INFO: Started oeje10s.ServletContextHandler@1f6f0fe2{ROOT,/,b=file:///opt/traccar/web/,a=AVAILABLE,h=oeje10s.SessionHandler@22604c7e{STARTED}}
2026-08-13 03:01:48  INFO: Started oeje10s.ServletContextHandler@1f6f0fe2{ROOT,/,b=file:///opt/traccar/web/,a=AVAILABLE,h=oeje10s.SessionHandler@22604c7e{STARTED}}
2026-08-13 03:01:48  INFO: Started oejs.ServerConnector@41d84abb{HTTP/1.1, (http/1.1)}{0.0.0.0:8082}
2026-08-13 03:01:48  INFO: Started oejs.Server@54087bdb{STARTING}[12.1.8,sto=0] @1111ms
2026-08-13 03:02:38  WARN: Geocoder network error - HTTP 429 Too Many Requests - ClientErrorException (... < JsonGeocoder:152 < ServerResource:129 < ... < WebServer:130 < ... < OverrideFileFilter:55 < ...)
2026-08-13 03:02:38  WARN: Geocoder network error - HTTP 429 Too Many Requests - ClientErrorException (... < JsonGeocoder:152 < ServerResource:129 < ... < WebServer:130 < ... < OverrideFileFilter:55 < ...)
2026-08-13 03:02:41  WARN: Geocoder network error - HTTP 429 Too Many Requests - ClientErrorException (... < JsonGeocoder:152 < ServerResource:129 < ... < WebServer:130 < ... < OverrideFileFilter:55 < ...)
2026-08-13 03:02:44  WARN: baseResource file:///opt/traccar/./media is not a readable directory
2026-08-13 03:12:44  WARN: Geocoder network error - HTTP 429 Too Many Requests - ClientErrorException (... < JsonGeocoder:152 < ServerResource:129 < ... < WebServer:130 < ... < OverrideFileFilter:55 < ...)
2026-08-13 03:12:44  WARN: Geocoder network error - HTTP 429 Too Many Requests - ClientErrorException (... < JsonGeocoder:152 < ServerResource:129 < ... < WebServer:130 < ... < OverrideFileFilter:55 < ...)
2026-08-13 03:13:48  WARN: Geocoder network error - HTTP 429 Too Many Requests - ClientErrorException (... < JsonGeocoder:152 < ServerResource:129 < ... < WebServer:130 < ... < OverrideFileFilter:55 < ...)
2026-08-13 03:13:48  WARN: Geocoder network error - HTTP 429 Too Many Requests - ClientErrorException (... < JsonGeocoder:152 < ServerResource:129 < ... < WebServer:130 < ... < OverrideFileFilter:55 < ...)
2026-08-13 03:14:27  INFO: Stopping server...
2026-08-13 03:16:22  INFO: Operating system name: Linux version: 6.6.87.2-microsoft-standard-WSL2 architecture: amd64
2026-08-13 03:16:22  INFO: Java runtime name: OpenJDK 64-Bit Server VM vendor: Eclipse Adoptium version: 21.0.11+10-LTS
2026-08-13 03:16:22  INFO: Memory limit heap: 1986mb non-heap: 0mb
2026-08-13 03:16:22  INFO: Character encoding: UTF-8
2026-08-13 03:16:22  INFO: Version: 6.14.5
2026-08-13 03:16:22  INFO: Starting server...
2026-08-13 03:16:23  INFO: HikariPool-1 - Starting...
2026-08-13 03:16:25 ERROR: Main method error - Connection refused - ConnectException (... < DatabaseModule:82 < <gener:-1 < *:-1 < ... < MainModule:146 < <gener:-1 < ...)
2026-08-13 03:18:34  INFO: Operating system name: Linux version: 6.6.87.2-microsoft-standard-WSL2 architecture: amd64
2026-08-13 03:18:34  INFO: Java runtime name: OpenJDK 64-Bit Server VM vendor: Eclipse Adoptium version: 21.0.11+10-LTS
2026-08-13 03:18:34  INFO: Memory limit heap: 1986mb non-heap: 0mb
2026-08-13 03:18:34  INFO: Character encoding: UTF-8
2026-08-13 03:18:34  INFO: Version: 6.14.5
2026-08-13 03:18:34  INFO: Starting server...
2026-08-13 03:18:35  INFO: HikariPool-1 - Starting...
2026-08-13 03:18:37  INFO: HikariPool-1 - Added connection com.mysql.cj.jdbc.ConnectionImpl@aced190
2026-08-13 03:18:37  INFO: HikariPool-1 - Start completed.
2026-08-13 03:18:38  INFO: Successfully acquired change log lock
2026-08-13 03:18:39  INFO: Clearing database change log checksums for database mariadb
2026-08-13 03:18:39  INFO: Successfully released change log lock
2026-08-13 03:18:39  INFO: Command execution complete
2026-08-13 03:18:40  INFO: Reading from traccar.databasechangelog
2026-08-13 03:18:42  INFO: Reading from traccar.databasechangelog
2026-08-13 03:18:42  INFO: Reading from traccar.databasechangelog
2026-08-13 03:18:42  INFO: UPDATE SUMMARY
2026-08-13 03:18:42  INFO: Run:                          0
2026-08-13 03:18:42  INFO: Previously run:              33
2026-08-13 03:18:42  INFO: Filtered out:                 1
2026-08-13 03:18:42  INFO: -------------------------------
2026-08-13 03:18:42  INFO: Total change sets:           34
2026-08-13 03:18:42  INFO: FILTERED CHANGE SETS SUMMARY
2026-08-13 03:18:42  INFO: DBMS mismatch:                1
2026-08-13 03:18:42  INFO: Update summary generated
2026-08-13 03:18:42  INFO: Command execution complete
2026-08-13 03:18:45  INFO: jetty-12.1.8; built: 2026-04-01T01:09:18.991Z; git: c9cdc9aaa434a3665b8a53b4d1cc3684992da649; jvm 21.0.11+10-LTS
2026-08-13 03:18:45  INFO: Session workerName=node0
2026-08-13 03:18:45  INFO: Started oeje10s.ServletContextHandler@2ae2fa13{ROOT,/,b=file:///opt/traccar/web/,a=AVAILABLE,h=oeje10s.SessionHandler@66e12c3b{STARTED}}
2026-08-13 03:18:47  INFO: Started oeje10s.ServletContextHandler@2ae2fa13{ROOT,/,b=file:///opt/traccar/web/,a=AVAILABLE,h=oeje10s.SessionHandler@66e12c3b{STARTED}}
2026-08-13 03:18:47  INFO: Started oejs.ServerConnector@6716b6c9{HTTP/1.1, (http/1.1)}{0.0.0.0:8082}
2026-08-13 03:18:47  INFO: Started oejs.Server@9976b27{STARTING}[12.1.8,sto=0] @1662ms
2026-08-13 03:27:27  INFO: Operating system name: Linux version: 6.6.87.2-microsoft-standard-WSL2 architecture: amd64
2026-08-13 03:27:27  INFO: Java runtime name: OpenJDK 64-Bit Server VM vendor: Eclipse Adoptium version: 21.0.11+10-LTS
2026-08-13 03:27:27  INFO: Memory limit heap: 1986mb non-heap: 0mb
2026-08-13 03:27:27  INFO: Character encoding: UTF-8
2026-08-13 03:27:27  INFO: Version: 6.14.5
2026-08-13 03:27:27  INFO: Starting server...
2026-08-13 03:27:27  INFO: HikariPool-1 - Starting...
2026-08-13 03:27:29  INFO: HikariPool-1 - Added connection com.mysql.cj.jdbc.ConnectionImpl@aced190
2026-08-13 03:27:29  INFO: HikariPool-1 - Start completed.
2026-08-13 03:27:30  INFO: Successfully acquired change log lock
2026-08-13 03:27:30  INFO: Clearing database change log checksums for database mariadb
2026-08-13 03:27:30  INFO: Successfully released change log lock
2026-08-13 03:27:30  INFO: Command execution complete
2026-08-13 03:27:31  INFO: Reading from traccar.databasechangelog
2026-08-13 03:27:33  INFO: Reading from traccar.databasechangelog
2026-08-13 03:27:33  INFO: Reading from traccar.databasechangelog
2026-08-13 03:27:33  INFO: UPDATE SUMMARY
2026-08-13 03:27:33  INFO: Run:                          0
2026-08-13 03:27:33  INFO: Previously run:              33
2026-08-13 03:27:33  INFO: Filtered out:                 1
2026-08-13 03:27:33  INFO: -------------------------------
2026-08-13 03:27:33  INFO: Total change sets:           34
2026-08-13 03:27:33  INFO: FILTERED CHANGE SETS SUMMARY
2026-08-13 03:27:33  INFO: DBMS mismatch:                1
2026-08-13 03:27:33  INFO: Update summary generated
2026-08-13 03:27:33  INFO: Command execution complete
2026-08-13 03:27:39  INFO: jetty-12.1.8; built: 2026-04-01T01:09:18.991Z; git: c9cdc9aaa434a3665b8a53b4d1cc3684992da649; jvm 21.0.11+10-LTS
2026-08-13 03:27:39  INFO: Session workerName=node0
2026-08-13 03:27:39  INFO: Started oeje10s.ServletContextHandler@1f6f0fe2{ROOT,/,b=file:///opt/traccar/web/,a=AVAILABLE,h=oeje10s.SessionHandler@22604c7e{STARTED}}
2026-08-13 03:27:41  INFO: Started oeje10s.ServletContextHandler@1f6f0fe2{ROOT,/,b=file:///opt/traccar/web/,a=AVAILABLE,h=oeje10s.SessionHandler@22604c7e{STARTED}}
2026-08-13 03:27:41  INFO: Started oejs.ServerConnector@41d84abb{HTTP/1.1, (http/1.1)}{0.0.0.0:8082}
2026-08-13 03:27:41  INFO: Started oejs.Server@54087bdb{STARTING}[12.1.8,sto=0] @1467ms
2026-08-13 03:28:02  WARN: Geocoder network error - HTTP 429 Too Many Requests - ClientErrorException (... < JsonGeocoder:152 < ServerResource:129 < ... < WebServer:130 < ... < OverrideFileFilter:55 < ...)
2026-08-13 03:28:02  WARN: Geocoder network error - HTTP 429 Too Many Requests - ClientErrorException (... < JsonGeocoder:152 < ServerResource:129 < ... < WebServer:130 < ... < OverrideFileFilter:55 < ...)
2026-08-13 03:28:07  WARN: baseResource file:///opt/traccar/./media is not a readable directory
2026-08-13 03:42:16  WARN: Geocoder network error - HTTP 429 Too Many Requests - ClientErrorException (... < JsonGeocoder:152 < ServerResource:129 < ... < WebServer:130 < ... < OverrideFileFilter:55 < ...)
2026-08-13 03:42:16  WARN: Geocoder network error - HTTP 429 Too Many Requests - ClientErrorException (... < JsonGeocoder:152 < ServerResource:129 < ... < WebServer:130 < ... < OverrideFileFilter:55 < ...)
2026-08-13 03:59:12  WARN: Geocoder network error - HTTP 429 Too Many Requests - ClientErrorException (... < JsonGeocoder:152 < ServerResource:129 < ... < WebServer:130 < ... < OverrideFileFilter:55 < ...)
2026-08-13 03:59:12  WARN: Geocoder network error - HTTP 429 Too Many Requests - ClientErrorException (... < JsonGeocoder:152 < ServerResource:129 < ... < WebServer:130 < ... < OverrideFileFilter:55 < ...)
2026-08-13 04:01:14  WARN: Geocoder network error - HTTP 429 Too Many Requests - ClientErrorException (... < JsonGeocoder:152 < ServerResource:129 < ... < WebServer:130 < ... < OverrideFileFilter:55 < ...)
2026-08-13 04:01:14  WARN: Geocoder network error - HTTP 429 Too Many Requests - ClientErrorException (... < JsonGeocoder:152 < ServerResource:129 < ... < WebServer:130 < ... < OverrideFileFilter:55 < ...)
2026-08-13 04:04:09  WARN: Geocoder network error - HTTP 429 Too Many Requests - ClientErrorException (... < JsonGeocoder:152 < ServerResource:129 < ... < WebServer:130 < ... < OverrideFileFilter:55 < ...)
2026-08-13 04:04:09  WARN: Geocoder network error - HTTP 429 Too Many Requests - ClientErrorException (... < JsonGeocoder:152 < ServerResource:129 < ... < WebServer:130 < ... < OverrideFileFilter:55 < ...)
2026-08-13 04:04:53  WARN: Geocoder network error - HTTP 429 Too Many Requests - ClientErrorException (... < JsonGeocoder:152 < ServerResource:129 < ... < WebServer:130 < ... < OverrideFileFilter:55 < ...)
2026-08-13 04:04:53  WARN: Geocoder network error - HTTP 429 Too Many Requests - ClientErrorException (... < JsonGeocoder:152 < ServerResource:129 < ... < WebServer:130 < ... < OverrideFileFilter:55 < ...)
2026-08-13 04:09:54  WARN: Geocoder network error - HTTP 429 Too Many Requests - ClientErrorException (... < JsonGeocoder:152 < ReportUtils:201 < *:278 < *:435 < *:289 < TripsReportProvider:65 < ReportResource:285 < ...)
2026-08-13 04:09:54  WARN: Geocoder network error - HTTP 429 Too Many Requests - ClientErrorException (... < JsonGeocoder:152 < ReportUtils:201 < *:278 < *:435 < *:289 < TripsReportProvider:65 < ReportResource:285 < ...)
2026-08-13 04:09:55  WARN: Geocoder network error - HTTP 429 Too Many Requests - ClientErrorException (... < JsonGeocoder:152 < ReportUtils:201 < *:278 < *:435 < *:289 < TripsReportProvider:65 < ReportResource:285 < ...)
2026-08-13 04:09:55  WARN: Geocoder network error - HTTP 429 Too Many Requests - ClientErrorException (... < JsonGeocoder:152 < ReportUtils:201 < *:278 < *:435 < *:289 < TripsReportProvider:65 < ReportResource:285 < ...)
2026-08-13 04:09:55  WARN: Geocoder network error - HTTP 429 Too Many Requests - ClientErrorException (... < JsonGeocoder:152 < ReportUtils:191 < *:278 < *:435 < *:289 < TripsReportProvider:65 < ReportResource:285 < ...)
2026-08-13 04:09:55  WARN: Geocoder network error - HTTP 429 Too Many Requests - ClientErrorException (... < JsonGeocoder:152 < ReportUtils:201 < *:278 < *:435 < *:289 < TripsReportProvider:65 < ReportResource:285 < ...)
2026-08-13 04:09:56  WARN: Geocoder network error - HTTP 429 Too Many Requests - ClientErrorException (... < JsonGeocoder:152 < ReportUtils:191 < *:278 < *:435 < *:289 < TripsReportProvider:65 < ReportResource:285 < ...)
2026-08-13 04:09:56  WARN: Geocoder network error - HTTP 429 Too Many Requests - ClientErrorException (... < JsonGeocoder:152 < ReportUtils:201 < *:278 < *:435 < *:289 < TripsReportProvider:65 < ReportResource:285 < ...)
2026-08-13 04:09:56  WARN: Geocoder network error - HTTP 429 Too Many Requests - ClientErrorException (... < JsonGeocoder:152 < ReportUtils:201 < *:278 < *:435 < *:289 < TripsReportProvider:65 < ReportResource:285 < ...)
2026-08-13 04:09:57  WARN: Geocoder network error - HTTP 429 Too Many Requests - ClientErrorException (... < JsonGeocoder:152 < ReportUtils:201 < *:278 < *:435 < *:289 < TripsReportProvider:65 < ReportResource:285 < ...)
2026-08-13 04:09:57  WARN: Geocoder network error - HTTP 429 Too Many Requests - ClientErrorException (... < JsonGeocoder:152 < ReportUtils:191 < *:278 < *:435 < *:289 < TripsReportProvider:65 < ReportResource:285 < ...)
2026-08-13 04:09:57  WARN: Geocoder network error - HTTP 429 Too Many Requests - ClientErrorException (... < JsonGeocoder:152 < ReportUtils:201 < *:278 < *:435 < *:289 < TripsReportProvider:65 < ReportResource:285 < ...)
2026-08-13 04:09:57  WARN: Geocoder network error - HTTP 429 Too Many Requests - ClientErrorException (... < JsonGeocoder:152 < ReportUtils:191 < *:278 < *:435 < *:289 < TripsReportProvider:65 < ReportResource:285 < ...)
2026-08-13 04:09:57  WARN: Geocoder network error - HTTP 429 Too Many Requests - ClientErrorException (... < JsonGeocoder:152 < ReportUtils:201 < *:278 < *:435 < *:289 < TripsReportProvider:65 < ReportResource:285 < ...)
2026-08-13 04:09:57  WARN: Geocoder network error - HTTP 429 Too Many Requests - ClientErrorException (... < JsonGeocoder:152 < ReportUtils:201 < *:278 < *:435 < *:289 < TripsReportProvider:65 < ReportResource:285 < ...)
2026-08-13 04:09:58  WARN: Geocoder network error - HTTP 429 Too Many Requests - ClientErrorException (... < JsonGeocoder:152 < ReportUtils:201 < *:278 < *:435 < *:289 < TripsReportProvider:65 < ReportResource:285 < ...)
2026-08-13 04:09:58  WARN: Geocoder network error - HTTP 429 Too Many Requests - ClientErrorException (... < JsonGeocoder:152 < ReportUtils:191 < *:278 < *:435 < *:289 < TripsReportProvider:65 < ReportResource:285 < ...)
2026-08-13 04:09:58  WARN: Geocoder network error - HTTP 429 Too Many Requests - ClientErrorException (... < JsonGeocoder:152 < ReportUtils:201 < *:278 < *:435 < *:289 < TripsReportProvider:65 < ReportResource:285 < ...)
2026-08-13 04:09:59  WARN: Geocoder network error - HTTP 429 Too Many Requests - ClientErrorException (... < JsonGeocoder:152 < ReportUtils:191 < *:278 < *:435 < *:289 < TripsReportProvider:65 < ReportResource:285 < ...)
2026-08-13 04:09:59  WARN: Geocoder network error - HTTP 429 Too Many Requests - ClientErrorException (... < JsonGeocoder:152 < ReportUtils:201 < *:278 < *:435 < *:289 < TripsReportProvider:65 < ReportResource:285 < ...)
2026-08-13 04:09:59  WARN: Geocoder network error - HTTP 429 Too Many Requests - ClientErrorException (... < JsonGeocoder:152 < ReportUtils:191 < *:278 < *:435 < *:289 < TripsReportProvider:65 < ReportResource:285 < ...)
2026-08-13 04:09:59  WARN: Geocoder network error - HTTP 429 Too Many Requests - ClientErrorException (... < JsonGeocoder:152 < ReportUtils:201 < *:278 < *:435 < *:289 < TripsReportProvider:65 < ReportResource:285 < ...)
2026-08-13 04:10:00  WARN: Geocoder network error - HTTP 429 Too Many Requests - ClientErrorException (... < JsonGeocoder:152 < ReportUtils:201 < *:278 < *:435 < *:289 < TripsReportProvider:65 < ReportResource:285 < ...)
2026-08-13 04:10:00  WARN: Geocoder network error - HTTP 429 Too Many Requests - ClientErrorException (... < JsonGeocoder:152 < ReportUtils:201 < *:278 < *:435 < *:289 < TripsReportProvider:65 < ReportResource:285 < ...)
2026-08-13 04:10:00  WARN: Geocoder network error - HTTP 429 Too Many Requests - ClientErrorException (... < JsonGeocoder:152 < ReportUtils:191 < *:278 < *:435 < *:289 < TripsReportProvider:65 < ReportResource:285 < ...)
2026-08-13 04:10:00  WARN: Geocoder network error - HTTP 429 Too Many Requests - ClientErrorException (... < JsonGeocoder:152 < ReportUtils:201 < *:278 < *:435 < *:289 < TripsReportProvider:65 < ReportResource:285 < ...)
2026-08-13 04:10:01  WARN: Geocoder network error - HTTP 429 Too Many Requests - ClientErrorException (... < JsonGeocoder:152 < ReportUtils:201 < *:278 < *:435 < *:289 < TripsReportProvider:65 < ReportResource:285 < ...)
2026-08-13 04:10:01  WARN: Geocoder network error - HTTP 429 Too Many Requests - ClientErrorException (... < JsonGeocoder:152 < ReportUtils:201 < *:278 < *:435 < *:289 < TripsReportProvider:65 < ReportResource:285 < ...)
2026-08-13 04:10:01  WARN: Geocoder network error - HTTP 429 Too Many Requests - ClientErrorException (... < JsonGeocoder:152 < ReportUtils:191 < *:278 < *:435 < *:289 < TripsReportProvider:65 < ReportResource:285 < ...)
2026-08-13 04:10:01  WARN: Geocoder network error - HTTP 429 Too Many Requests - ClientErrorException (... < JsonGeocoder:152 < ReportUtils:201 < *:278 < *:435 < *:289 < TripsReportProvider:65 < ReportResource:285 < ...)
2026-08-13 04:10:01  WARN: Geocoder network error - HTTP 429 Too Many Requests - ClientErrorException (... < JsonGeocoder:152 < ReportUtils:201 < *:278 < *:435 < *:289 < TripsReportProvider:65 < ReportResource:285 < ...)
2026-08-13 04:10:02  WARN: Geocoder network error - HTTP 429 Too Many Requests - ClientErrorException (... < JsonGeocoder:152 < ReportUtils:201 < *:278 < *:435 < *:289 < TripsReportProvider:65 < ReportResource:285 < ...)
2026-08-13 04:10:02  WARN: Geocoder network error - HTTP 429 Too Many Requests - ClientErrorException (... < JsonGeocoder:152 < ReportUtils:191 < *:278 < *:435 < *:289 < TripsReportProvider:65 < ReportResource:285 < ...)
2026-08-13 04:10:02  WARN: Geocoder network error - HTTP 429 Too Many Requests - ClientErrorException (... < JsonGeocoder:152 < ReportUtils:201 < *:278 < *:435 < *:289 < TripsReportProvider:65 < ReportResource:285 < ...)
2026-08-13 04:10:02  WARN: Geocoder network error - HTTP 429 Too Many Requests - ClientErrorException (... < JsonGeocoder:152 < ReportUtils:191 < *:278 < *:435 < *:289 < TripsReportProvider:65 < ReportResource:285 < ...)
2026-08-13 04:10:02  WARN: Geocoder network error - HTTP 429 Too Many Requests - ClientErrorException (... < JsonGeocoder:152 < ReportUtils:201 < *:278 < *:435 < *:289 < TripsReportProvider:65 < ReportResource:285 < ...)
2026-08-13 04:10:02  WARN: Geocoder network error - HTTP 429 Too Many Requests - ClientErrorException (... < JsonGeocoder:152 < ReportUtils:201 < *:278 < *:435 < *:289 < TripsReportProvider:65 < ReportResource:285 < ...)
2026-08-13 04:10:03  WARN: Geocoder network error - HTTP 429 Too Many Requests - ClientErrorException (... < JsonGeocoder:152 < ReportUtils:201 < *:278 < *:435 < *:289 < TripsReportProvider:65 < ReportResource:285 < ...)
2026-08-13 04:10:03  WARN: Geocoder network error - HTTP 429 Too Many Requests - ClientErrorException (... < JsonGeocoder:152 < ReportUtils:191 < *:278 < *:435 < *:289 < TripsReportProvider:65 < ReportResource:285 < ...)
2026-08-13 04:10:03  WARN: Geocoder network error - HTTP 429 Too Many Requests - ClientErrorException (... < JsonGeocoder:152 < ReportUtils:201 < *:278 < *:435 < *:289 < TripsReportProvider:65 < ReportResource:285 < ...)
2026-08-13 04:10:03  WARN: Geocoder network error - HTTP 429 Too Many Requests - ClientErrorException (... < JsonGeocoder:152 < ReportUtils:201 < *:278 < *:435 < *:289 < TripsReportProvider:65 < ReportResource:285 < ...)
2026-08-13 04:10:04  WARN: Geocoder network error - HTTP 429 Too Many Requests - ClientErrorException (... < JsonGeocoder:152 < ReportUtils:201 < *:278 < *:435 < *:289 < TripsReportProvider:65 < ReportResource:285 < ...)
2026-08-13 04:10:04  WARN: Geocoder network error - HTTP 429 Too Many Requests - ClientErrorException (... < JsonGeocoder:152 < ReportUtils:191 < *:278 < *:435 < *:289 < TripsReportProvider:65 < ReportResource:285 < ...)
2026-08-13 04:10:04  WARN: Geocoder network error - HTTP 429 Too Many Requests - ClientErrorException (... < JsonGeocoder:152 < ReportUtils:201 < *:278 < *:435 < *:289 < TripsReportProvider:65 < ReportResource:285 < ...)
2026-08-13 04:10:04  WARN: Geocoder network error - HTTP 429 Too Many Requests - ClientErrorException (... < JsonGeocoder:152 < ReportUtils:191 < *:278 < *:435 < *:289 < TripsReportProvider:65 < ReportResource:285 < ...)
2026-08-13 04:10:04  WARN: Geocoder network error - HTTP 429 Too Many Requests - ClientErrorException (... < JsonGeocoder:152 < ReportUtils:201 < *:278 < *:435 < *:289 < TripsReportProvider:65 < ReportResource:285 < ...)
2026-08-13 04:10:04  WARN: Geocoder network error - HTTP 429 Too Many Requests - ClientErrorException (... < JsonGeocoder:152 < ReportUtils:201 < *:278 < *:435 < *:289 < TripsReportProvider:65 < ReportResource:285 < ...)
2026-08-13 04:10:05  WARN: Geocoder network error - HTTP 429 Too Many Requests - ClientErrorException (... < JsonGeocoder:152 < ReportUtils:201 < *:278 < *:435 < *:289 < TripsReportProvider:65 < ReportResource:285 < ...)
2026-08-13 04:10:05  WARN: Geocoder network error - HTTP 429 Too Many Requests - ClientErrorException (... < JsonGeocoder:152 < ReportUtils:191 < *:278 < *:435 < *:289 < TripsReportProvider:65 < ReportResource:285 < ...)
2026-08-13 04:10:05  WARN: Geocoder network error - HTTP 429 Too Many Requests - ClientErrorException (... < JsonGeocoder:152 < ReportUtils:201 < *:278 < *:435 < *:289 < TripsReportProvider:65 < ReportResource:285 < ...)
2026-08-13 04:10:05  WARN: Geocoder network error - HTTP 429 Too Many Requests - ClientErrorException (... < JsonGeocoder:152 < ReportUtils:201 < *:278 < *:435 < *:289 < TripsReportProvider:65 < ReportResource:285 < ...)
2026-08-13 04:10:06  WARN: Geocoder network error - HTTP 429 Too Many Requests - ClientErrorException (... < JsonGeocoder:152 < ReportUtils:201 < *:278 < *:435 < *:289 < TripsReportProvider:65 < ReportResource:285 < ...)
2026-08-13 04:10:06  WARN: Geocoder network error - HTTP 429 Too Many Requests - ClientErrorException (... < JsonGeocoder:152 < ReportUtils:191 < *:278 < *:435 < *:289 < TripsReportProvider:65 < ReportResource:285 < ...)
2026-08-13 04:10:06  WARN: Geocoder network error - HTTP 429 Too Many Requests - ClientErrorException (... < JsonGeocoder:152 < ReportUtils:201 < *:278 < *:435 < *:289 < TripsReportProvider:65 < ReportResource:285 < ...)
2026-08-13 04:10:06  WARN: Geocoder network error - HTTP 429 Too Many Requests - ClientErrorException (... < JsonGeocoder:152 < ReportUtils:191 < *:278 < *:435 < *:289 < TripsReportProvider:65 < ReportResource:285 < ...)
2026-08-13 04:10:06  WARN: Geocoder network error - HTTP 429 Too Many Requests - ClientErrorException (... < JsonGeocoder:152 < ReportUtils:201 < *:278 < *:435 < *:289 < TripsReportProvider:65 < ReportResource:285 < ...)
2026-08-13 04:10:06  WARN: Geocoder network error - HTTP 429 Too Many Requests - ClientErrorException (... < JsonGeocoder:152 < ReportUtils:201 < *:278 < *:435 < *:289 < TripsReportProvider:65 < ReportResource:285 < ...)
2026-08-13 04:10:07  WARN: Geocoder network error - HTTP 429 Too Many Requests - ClientErrorException (... < JsonGeocoder:152 < ReportUtils:201 < *:278 < *:435 < *:289 < TripsReportProvider:65 < ReportResource:285 < ...)
2026-08-13 04:10:07  WARN: Geocoder network error - HTTP 429 Too Many Requests - ClientErrorException (... < JsonGeocoder:152 < ReportUtils:191 < *:278 < *:435 < *:289 < TripsReportProvider:65 < ReportResource:285 < ...)
2026-08-13 04:10:07  WARN: Geocoder network error - HTTP 429 Too Many Requests - ClientErrorException (... < JsonGeocoder:152 < ReportUtils:201 < *:278 < *:435 < *:289 < TripsReportProvider:65 < ReportResource:285 < ...)
2026-08-13 04:10:07  WARN: Geocoder network error - HTTP 429 Too Many Requests - ClientErrorException (... < JsonGeocoder:152 < ReportUtils:191 < *:278 < *:435 < *:289 < TripsReportProvider:65 < ReportResource:285 < ...)
2026-08-13 04:10:07  WARN: Geocoder network error - HTTP 429 Too Many Requests - ClientErrorException (... < JsonGeocoder:152 < ReportUtils:201 < *:278 < *:435 < *:289 < TripsReportProvider:65 < ReportResource:285 < ...)
2026-08-13 04:10:07  WARN: Geocoder network error - HTTP 429 Too Many Requests - ClientErrorException (... < JsonGeocoder:152 < ReportUtils:201 < *:278 < *:435 < *:289 < TripsReportProvider:65 < ReportResource:285 < ...)
2026-08-13 04:10:08  WARN: Geocoder network error - HTTP 429 Too Many Requests - ClientErrorException (... < JsonGeocoder:152 < ReportUtils:201 < *:278 < *:435 < *:289 < TripsReportProvider:65 < ReportResource:285 < ...)
2026-08-13 04:10:08  WARN: Geocoder network error - HTTP 429 Too Many Requests - ClientErrorException (... < JsonGeocoder:152 < ReportUtils:191 < *:278 < *:435 < *:289 < TripsReportProvider:65 < ReportResource:285 < ...)
2026-08-13 04:10:08  WARN: Geocoder network error - HTTP 429 Too Many Requests - ClientErrorException (... < JsonGeocoder:152 < ReportUtils:201 < *:278 < *:435 < *:289 < TripsReportProvider:65 < ReportResource:285 < ...)
2026-08-13 04:10:08  WARN: Geocoder network error - HTTP 429 Too Many Requests - ClientErrorException (... < JsonGeocoder:152 < ReportUtils:191 < *:278 < *:435 < *:289 < TripsReportProvider:65 < ReportResource:285 < ...)
2026-08-13 04:10:08  WARN: Geocoder network error - HTTP 429 Too Many Requests - ClientErrorException (... < JsonGeocoder:152 < ReportUtils:201 < *:278 < *:435 < *:289 < TripsReportProvider:65 < ReportResource:285 < ...)
2026-08-13 04:10:08  WARN: Geocoder network error - HTTP 429 Too Many Requests - ClientErrorException (... < JsonGeocoder:152 < ReportUtils:201 < *:278 < *:435 < *:289 < TripsReportProvider:65 < ReportResource:285 < ...)
2026-08-13 04:10:09  WARN: Geocoder network error - HTTP 429 Too Many Requests - ClientErrorException (... < JsonGeocoder:152 < ReportUtils:201 < *:278 < *:435 < *:289 < TripsReportProvider:65 < ReportResource:285 < ...)
2026-08-13 04:10:09  WARN: Geocoder network error - HTTP 429 Too Many Requests - ClientErrorException (... < JsonGeocoder:152 < ReportUtils:191 < *:278 < *:435 < *:289 < TripsReportProvider:65 < ReportResource:285 < ...)
2026-08-13 04:10:09  WARN: Geocoder network error - HTTP 429 Too Many Requests - ClientErrorException (... < JsonGeocoder:152 < ReportUtils:201 < *:278 < *:435 < *:289 < TripsReportProvider:65 < ReportResource:285 < ...)
2026-08-13 04:10:09  WARN: Geocoder network error - HTTP 429 Too Many Requests - ClientErrorException (... < JsonGeocoder:152 < ReportUtils:191 < *:278 < *:435 < *:289 < TripsReportProvider:65 < ReportResource:285 < ...)
2026-08-13 04:10:09  WARN: Geocoder network error - HTTP 429 Too Many Requests - ClientErrorException (... < JsonGeocoder:152 < ReportUtils:201 < *:278 < *:435 < *:289 < TripsReportProvider:65 < ReportResource:285 < ...)
2026-08-13 04:10:10  WARN: Geocoder network error - HTTP 429 Too Many Requests - ClientErrorException (... < JsonGeocoder:152 < ReportUtils:201 < *:278 < *:435 < *:289 < TripsReportProvider:65 < ReportResource:285 < ...)
2026-08-13 04:10:10  WARN: Geocoder network error - HTTP 429 Too Many Requests - ClientErrorException (... < JsonGeocoder:152 < ReportUtils:201 < *:278 < *:435 < *:289 < TripsReportProvider:65 < ReportResource:285 < ...)
2026-08-13 04:10:10  WARN: Geocoder network error - HTTP 429 Too Many Requests - ClientErrorException (... < JsonGeocoder:152 < ReportUtils:191 < *:278 < *:435 < *:289 < TripsReportProvider:65 < ReportResource:285 < ...)
2026-08-13 04:10:10  WARN: Geocoder network error - HTTP 429 Too Many Requests - ClientErrorException (... < JsonGeocoder:152 < ReportUtils:201 < *:278 < *:435 < *:289 < TripsReportProvider:65 < ReportResource:285 < ...)
2026-08-13 04:10:10  WARN: Geocoder network error - HTTP 429 Too Many Requests - ClientErrorException (... < JsonGeocoder:152 < ReportUtils:201 < *:278 < *:435 < *:289 < TripsReportProvider:65 < ReportResource:285 < ...)
2026-08-13 04:10:11  WARN: Geocoder network error - HTTP 429 Too Many Requests - ClientErrorException (... < JsonGeocoder:152 < ReportUtils:201 < *:278 < *:435 < *:289 < TripsReportProvider:65 < ReportResource:285 < ...)
2026-08-13 04:10:11  WARN: Geocoder network error - HTTP 429 Too Many Requests - ClientErrorException (... < JsonGeocoder:152 < ReportUtils:191 < *:278 < *:435 < *:289 < TripsReportProvider:65 < ReportResource:285 < ...)
2026-08-13 04:10:11  WARN: Geocoder network error - HTTP 429 Too Many Requests - ClientErrorException (... < JsonGeocoder:152 < ReportUtils:201 < *:278 < *:435 < *:289 < TripsReportProvider:65 < ReportResource:285 < ...)
2026-08-13 04:10:11  WARN: Geocoder network error - HTTP 429 Too Many Requests - ClientErrorException (... < JsonGeocoder:152 < ReportUtils:191 < *:278 < *:435 < *:289 < TripsReportProvider:65 < ReportResource:285 < ...)
2026-08-13 04:10:11  WARN: Geocoder network error - HTTP 429 Too Many Requests - ClientErrorException (... < JsonGeocoder:152 < ReportUtils:201 < *:278 < *:435 < *:289 < TripsReportProvider:65 < ReportResource:285 < ...)
2026-08-13 04:10:44  WARN: Geocoder network error - HTTP 429 Too Many Requests - ClientErrorException (... < JsonGeocoder:152 < ReportUtils:201 < *:278 < *:435 < *:289 < TripsReportProvider:65 < ReportResource:285 < ...)
2026-08-13 04:10:44  WARN: Geocoder network error - HTTP 429 Too Many Requests - ClientErrorException (... < JsonGeocoder:152 < ReportUtils:201 < *:278 < *:435 < *:289 < TripsReportProvider:65 < ReportResource:285 < ...)
2026-08-13 04:10:44  WARN: Geocoder network error - HTTP 429 Too Many Requests - ClientErrorException (... < JsonGeocoder:152 < ReportUtils:191 < *:278 < *:435 < *:289 < TripsReportProvider:65 < ReportResource:285 < ...)
2026-08-13 04:10:44  WARN: Geocoder network error - HTTP 429 Too Many Requests - ClientErrorException (... < JsonGeocoder:152 < ReportUtils:201 < *:278 < *:435 < *:289 < TripsReportProvider:65 < ReportResource:285 < ...)
2026-08-13 04:10:44  WARN: Geocoder network error - HTTP 429 Too Many Requests - ClientErrorException (... < JsonGeocoder:152 < ReportUtils:201 < *:278 < *:435 < *:289 < TripsReportProvider:65 < ReportResource:285 < ...)
2026-08-13 04:10:45  WARN: Geocoder network error - HTTP 429 Too Many Requests - ClientErrorException (... < JsonGeocoder:152 < ReportUtils:201 < *:278 < *:435 < *:289 < TripsReportProvider:65 < ReportResource:285 < ...)
2026-08-13 04:10:45  WARN: Geocoder network error - HTTP 429 Too Many Requests - ClientErrorException (... < JsonGeocoder:152 < ReportUtils:191 < *:278 < *:435 < *:289 < TripsReportProvider:65 < ReportResource:285 < ...)
2026-08-13 04:10:45  WARN: Geocoder network error - HTTP 429 Too Many Requests - ClientErrorException (... < JsonGeocoder:152 < ReportUtils:201 < *:278 < *:435 < *:289 < TripsReportProvider:65 < ReportResource:285 < ...)
2026-08-13 04:10:45  WARN: Geocoder network error - HTTP 429 Too Many Requests - ClientErrorException (... < JsonGeocoder:152 < ReportUtils:191 < *:278 < *:435 < *:289 < TripsReportProvider:65 < ReportResource:285 < ...)
2026-08-13 04:10:45  WARN: Geocoder network error - HTTP 429 Too Many Requests - ClientErrorException (... < JsonGeocoder:152 < ReportUtils:201 < *:278 < *:435 < *:289 < TripsReportProvider:65 < ReportResource:285 < ...)
2026-08-13 04:10:45  WARN: Geocoder network error - HTTP 429 Too Many Requests - ClientErrorException (... < JsonGeocoder:152 < ReportUtils:201 < *:278 < *:435 < *:289 < TripsReportProvider:65 < ReportResource:285 < ...)
2026-08-13 04:10:46  WARN: Geocoder network error - HTTP 429 Too Many Requests - ClientErrorException (... < JsonGeocoder:152 < ReportUtils:201 < *:278 < *:435 < *:289 < TripsReportProvider:65 < ReportResource:285 < ...)
2026-08-13 04:10:46  WARN: Geocoder network error - HTTP 429 Too Many Requests - ClientErrorException (... < JsonGeocoder:152 < ReportUtils:191 < *:278 < *:435 < *:289 < TripsReportProvider:65 < ReportResource:285 < ...)
2026-08-13 04:10:46  WARN: Geocoder network error - HTTP 429 Too Many Requests - ClientErrorException (... < JsonGeocoder:152 < ReportUtils:201 < *:278 < *:435 < *:289 < TripsReportProvider:65 < ReportResource:285 < ...)
2026-08-13 04:10:46  WARN: Geocoder network error - HTTP 429 Too Many Requests - ClientErrorException (... < JsonGeocoder:152 < ReportUtils:191 < *:278 < *:435 < *:289 < TripsReportProvider:65 < ReportResource:285 < ...)
2026-08-13 04:10:46  WARN: Geocoder network error - HTTP 429 Too Many Requests - ClientErrorException (... < JsonGeocoder:152 < ReportUtils:201 < *:278 < *:435 < *:289 < TripsReportProvider:65 < ReportResource:285 < ...)
2026-08-13 04:10:46  WARN: Geocoder network error - HTTP 429 Too Many Requests - ClientErrorException (... < JsonGeocoder:152 < ReportUtils:201 < *:278 < *:435 < *:289 < TripsReportProvider:65 < ReportResource:285 < ...)
2026-08-13 04:10:47  WARN: Geocoder network error - HTTP 429 Too Many Requests - ClientErrorException (... < JsonGeocoder:152 < ReportUtils:201 < *:278 < *:435 < *:289 < TripsReportProvider:65 < ReportResource:285 < ...)
2026-08-13 04:10:47  WARN: Geocoder network error - HTTP 429 Too Many Requests - ClientErrorException (... < JsonGeocoder:152 < ReportUtils:191 < *:278 < *:435 < *:289 < TripsReportProvider:65 < ReportResource:285 < ...)
2026-08-13 04:10:47  WARN: Geocoder network error - HTTP 429 Too Many Requests - ClientErrorException (... < JsonGeocoder:152 < ReportUtils:201 < *:278 < *:435 < *:289 < TripsReportProvider:65 < ReportResource:285 < ...)
2026-08-13 04:10:47  WARN: Geocoder network error - HTTP 429 Too Many Requests - ClientErrorException (... < JsonGeocoder:152 < ReportUtils:191 < *:278 < *:435 < *:289 < TripsReportProvider:65 < ReportResource:285 < ...)
2026-08-13 04:10:47  WARN: Geocoder network error - HTTP 429 Too Many Requests - ClientErrorException (... < JsonGeocoder:152 < ReportUtils:201 < *:278 < *:435 < *:289 < TripsReportProvider:65 < ReportResource:285 < ...)
2026-08-13 04:10:48  WARN: Geocoder network error - HTTP 429 Too Many Requests - ClientErrorException (... < JsonGeocoder:152 < ReportUtils:201 < *:278 < *:435 < *:289 < TripsReportProvider:65 < ReportResource:285 < ...)
2026-08-13 04:10:48  WARN: Geocoder network error - HTTP 429 Too Many Requests - ClientErrorException (... < JsonGeocoder:152 < ReportUtils:201 < *:278 < *:435 < *:289 < TripsReportProvider:65 < ReportResource:285 < ...)
2026-08-13 04:10:48  WARN: Geocoder network error - HTTP 429 Too Many Requests - ClientErrorException (... < JsonGeocoder:152 < ReportUtils:191 < *:278 < *:435 < *:289 < TripsReportProvider:65 < ReportResource:285 < ...)
2026-08-13 04:10:48  WARN: Geocoder network error - HTTP 429 Too Many Requests - ClientErrorException (... < JsonGeocoder:152 < ReportUtils:201 < *:278 < *:435 < *:289 < TripsReportProvider:65 < ReportResource:285 < ...)
2026-08-13 04:10:48  WARN: Geocoder network error - HTTP 429 Too Many Requests - ClientErrorException (... < JsonGeocoder:152 < ReportUtils:201 < *:278 < *:435 < *:289 < TripsReportProvider:65 < ReportResource:285 < ...)
2026-08-13 04:10:49  WARN: Geocoder network error - HTTP 429 Too Many Requests - ClientErrorException (... < JsonGeocoder:152 < ReportUtils:201 < *:278 < *:435 < *:289 < TripsReportProvider:65 < ReportResource:285 < ...)
2026-08-13 04:10:49  WARN: Geocoder network error - HTTP 429 Too Many Requests - ClientErrorException (... < JsonGeocoder:152 < ReportUtils:191 < *:278 < *:435 < *:289 < TripsReportProvider:65 < ReportResource:285 < ...)
2026-08-13 04:10:49  WARN: Geocoder network error - HTTP 429 Too Many Requests - ClientErrorException (... < JsonGeocoder:152 < ReportUtils:201 < *:278 < *:435 < *:289 < TripsReportProvider:65 < ReportResource:285 < ...)
2026-08-13 04:10:49  WARN: Geocoder network error - HTTP 429 Too Many Requests - ClientErrorException (... < JsonGeocoder:152 < ReportUtils:191 < *:278 < *:435 < *:289 < TripsReportProvider:65 < ReportResource:285 < ...)
2026-08-13 04:10:49  WARN: Geocoder network error - HTTP 429 Too Many Requests - ClientErrorException (... < JsonGeocoder:152 < ReportUtils:201 < *:278 < *:435 < *:289 < TripsReportProvider:65 < ReportResource:285 < ...)
2026-08-13 04:10:50  WARN: Geocoder network error - HTTP 429 Too Many Requests - ClientErrorException (... < JsonGeocoder:152 < ReportUtils:201 < *:278 < *:435 < *:289 < TripsReportProvider:65 < ReportResource:285 < ...)
2026-08-13 04:10:50  WARN: Geocoder network error - HTTP 429 Too Many Requests - ClientErrorException (... < JsonGeocoder:152 < ReportUtils:201 < *:278 < *:435 < *:289 < TripsReportProvider:65 < ReportResource:285 < ...)
2026-08-13 04:10:50  WARN: Geocoder network error - HTTP 429 Too Many Requests - ClientErrorException (... < JsonGeocoder:152 < ReportUtils:191 < *:278 < *:435 < *:289 < TripsReportProvider:65 < ReportResource:285 < ...)
2026-08-13 04:10:50  WARN: Geocoder network error - HTTP 429 Too Many Requests - ClientErrorException (... < JsonGeocoder:152 < ReportUtils:201 < *:278 < *:435 < *:289 < TripsReportProvider:65 < ReportResource:285 < ...)
2026-08-13 04:10:50  WARN: Geocoder network error - HTTP 429 Too Many Requests - ClientErrorException (... < JsonGeocoder:152 < ReportUtils:191 < *:278 < *:435 < *:289 < TripsReportProvider:65 < ReportResource:285 < ...)
2026-08-13 04:10:50  WARN: Geocoder network error - HTTP 429 Too Many Requests - ClientErrorException (... < JsonGeocoder:152 < ReportUtils:201 < *:278 < *:435 < *:289 < TripsReportProvider:65 < ReportResource:285 < ...)
2026-08-13 04:10:50  WARN: Geocoder network error - HTTP 429 Too Many Requests - ClientErrorException (... < JsonGeocoder:152 < ReportUtils:201 < *:278 < *:435 < *:289 < TripsReportProvider:65 < ReportResource:285 < ...)
2026-08-13 04:10:51  WARN: Geocoder network error - HTTP 429 Too Many Requests - ClientErrorException (... < JsonGeocoder:152 < ReportUtils:201 < *:278 < *:435 < *:289 < TripsReportProvider:65 < ReportResource:285 < ...)
2026-08-13 04:10:51  WARN: Geocoder network error - HTTP 429 Too Many Requests - ClientErrorException (... < JsonGeocoder:152 < ReportUtils:191 < *:278 < *:435 < *:289 < TripsReportProvider:65 < ReportResource:285 < ...)
2026-08-13 04:10:51  WARN: Geocoder network error - HTTP 429 Too Many Requests - ClientErrorException (... < JsonGeocoder:152 < ReportUtils:191 < *:278 < *:435 < *:289 < TripsReportProvider:65 < ReportResource:285 < ...)
2026-08-13 04:10:52  WARN: Geocoder network error - HTTP 429 Too Many Requests - ClientErrorException (... < JsonGeocoder:152 < ReportUtils:191 < *:278 < *:435 < *:289 < TripsReportProvider:65 < ReportResource:285 < ...)
2026-08-13 04:10:52  WARN: Geocoder network error - HTTP 429 Too Many Requests - ClientErrorException (... < JsonGeocoder:152 < ReportUtils:201 < *:278 < *:435 < *:289 < TripsReportProvider:65 < ReportResource:285 < ...)
2026-08-13 04:10:52  WARN: Geocoder network error - HTTP 429 Too Many Requests - ClientErrorException (... < JsonGeocoder:152 < ReportUtils:191 < *:278 < *:435 < *:289 < TripsReportProvider:65 < ReportResource:285 < ...)
2026-08-13 04:10:52  WARN: Geocoder network error - HTTP 429 Too Many Requests - ClientErrorException (... < JsonGeocoder:152 < ReportUtils:201 < *:278 < *:435 < *:289 < TripsReportProvider:65 < ReportResource:285 < ...)
2026-08-13 04:10:52  WARN: Geocoder network error - HTTP 429 Too Many Requests - ClientErrorException (... < JsonGeocoder:152 < ReportUtils:191 < *:278 < *:435 < *:289 < TripsReportProvider:65 < ReportResource:285 < ...)
2026-08-13 04:10:52  WARN: Geocoder network error - HTTP 429 Too Many Requests - ClientErrorException (... < JsonGeocoder:152 < ReportUtils:191 < *:278 < *:435 < *:289 < TripsReportProvider:65 < ReportResource:285 < ...)
2026-08-13 04:10:53  WARN: Geocoder network error - HTTP 429 Too Many Requests - ClientErrorException (... < JsonGeocoder:152 < ReportUtils:191 < *:278 < *:435 < *:289 < TripsReportProvider:65 < ReportResource:285 < ...)
2026-08-13 04:10:53  WARN: Geocoder network error - HTTP 429 Too Many Requests - ClientErrorException (... < JsonGeocoder:152 < ReportUtils:201 < *:278 < *:435 < *:289 < TripsReportProvider:65 < ReportResource:285 < ...)
2026-08-13 04:10:53  WARN: Geocoder network error - HTTP 429 Too Many Requests - ClientErrorException (... < JsonGeocoder:152 < ReportUtils:191 < *:278 < *:435 < *:289 < TripsReportProvider:65 < ReportResource:285 < ...)
2026-08-13 04:10:53  WARN: Geocoder network error - HTTP 429 Too Many Requests - ClientErrorException (... < JsonGeocoder:152 < ReportUtils:201 < *:278 < *:435 < *:289 < TripsReportProvider:65 < ReportResource:285 < ...)
2026-08-13 04:10:53  WARN: Geocoder network error - HTTP 429 Too Many Requests - ClientErrorException (... < JsonGeocoder:152 < ReportUtils:201 < *:278 < *:435 < *:289 < TripsReportProvider:65 < ReportResource:285 < ...)
2026-08-13 04:10:54  WARN: Geocoder network error - HTTP 429 Too Many Requests - ClientErrorException (... < JsonGeocoder:152 < ReportUtils:201 < *:278 < *:435 < *:289 < TripsReportProvider:65 < ReportResource:285 < ...)
2026-08-13 04:10:54  WARN: Geocoder network error - HTTP 429 Too Many Requests - ClientErrorException (... < JsonGeocoder:152 < ReportUtils:191 < *:278 < *:435 < *:289 < TripsReportProvider:65 < ReportResource:285 < ...)
2026-08-13 04:10:54  WARN: Geocoder network error - HTTP 429 Too Many Requests - ClientErrorException (... < JsonGeocoder:152 < ReportUtils:201 < *:278 < *:435 < *:289 < TripsReportProvider:65 < ReportResource:285 < ...)
2026-08-13 04:10:54  WARN: Geocoder network error - HTTP 429 Too Many Requests - ClientErrorException (... < JsonGeocoder:152 < ReportUtils:191 < *:278 < *:435 < *:289 < TripsReportProvider:65 < ReportResource:285 < ...)
2026-08-13 04:10:54  WARN: Geocoder network error - HTTP 429 Too Many Requests - ClientErrorException (... < JsonGeocoder:152 < ReportUtils:201 < *:278 < *:435 < *:289 < TripsReportProvider:65 < ReportResource:285 < ...)
2026-08-13 04:10:54  WARN: Geocoder network error - HTTP 429 Too Many Requests - ClientErrorException (... < JsonGeocoder:152 < ReportUtils:201 < *:278 < *:435 < *:289 < TripsReportProvider:65 < ReportResource:285 < ...)
2026-08-13 04:10:55  WARN: Geocoder network error - HTTP 429 Too Many Requests - ClientErrorException (... < JsonGeocoder:152 < ReportUtils:201 < *:278 < *:435 < *:289 < TripsReportProvider:65 < ReportResource:285 < ...)
2026-08-13 04:10:55  WARN: Geocoder network error - HTTP 429 Too Many Requests - ClientErrorException (... < JsonGeocoder:152 < ReportUtils:191 < *:278 < *:435 < *:289 < TripsReportProvider:65 < ReportResource:285 < ...)
2026-08-13 04:10:55  WARN: Geocoder network error - HTTP 429 Too Many Requests - ClientErrorException (... < JsonGeocoder:152 < ReportUtils:201 < *:278 < *:435 < *:289 < TripsReportProvider:65 < ReportResource:285 < ...)
2026-08-13 04:10:55  WARN: Geocoder network error - HTTP 429 Too Many Requests - ClientErrorException (... < JsonGeocoder:152 < ReportUtils:191 < *:278 < *:435 < *:289 < TripsReportProvider:65 < ReportResource:285 < ...)
2026-08-13 04:10:55  WARN: Geocoder network error - HTTP 429 Too Many Requests - ClientErrorException (... < JsonGeocoder:152 < ReportUtils:201 < *:278 < *:435 < *:289 < TripsReportProvider:65 < ReportResource:285 < ...)
2026-08-13 04:10:55  WARN: Geocoder network error - HTTP 429 Too Many Requests - ClientErrorException (... < JsonGeocoder:152 < ReportUtils:201 < *:278 < *:435 < *:289 < TripsReportProvider:65 < ReportResource:285 < ...)
2026-08-13 04:10:56  WARN: Geocoder network error - HTTP 429 Too Many Requests - ClientErrorException (... < JsonGeocoder:152 < ReportUtils:201 < *:278 < *:435 < *:289 < TripsReportProvider:65 < ReportResource:285 < ...)
2026-08-13 04:10:56  WARN: Geocoder network error - HTTP 429 Too Many Requests - ClientErrorException (... < JsonGeocoder:152 < ReportUtils:191 < *:278 < *:435 < *:289 < TripsReportProvider:65 < ReportResource:285 < ...)
2026-08-13 04:10:56  WARN: Geocoder network error - HTTP 429 Too Many Requests - ClientErrorException (... < JsonGeocoder:152 < ReportUtils:201 < *:278 < *:435 < *:289 < TripsReportProvider:65 < ReportResource:285 < ...)
2026-08-13 04:10:56  WARN: Geocoder network error - HTTP 429 Too Many Requests - ClientErrorException (... < JsonGeocoder:152 < ReportUtils:191 < *:278 < *:435 < *:289 < TripsReportProvider:65 < ReportResource:285 < ...)
2026-08-13 04:10:56  WARN: Geocoder network error - HTTP 429 Too Many Requests - ClientErrorException (... < JsonGeocoder:152 < ReportUtils:201 < *:278 < *:435 < *:289 < TripsReportProvider:65 < ReportResource:285 < ...)
2026-08-13 04:10:56  WARN: Geocoder network error - HTTP 429 Too Many Requests - ClientErrorException (... < JsonGeocoder:152 < ReportUtils:201 < *:278 < *:435 < *:289 < TripsReportProvider:65 < ReportResource:285 < ...)
2026-08-13 04:10:57  WARN: Geocoder network error - HTTP 429 Too Many Requests - ClientErrorException (... < JsonGeocoder:152 < ReportUtils:201 < *:278 < *:435 < *:289 < TripsReportProvider:65 < ReportResource:285 < ...)
2026-08-13 04:10:57  WARN: Geocoder network error - HTTP 429 Too Many Requests - ClientErrorException (... < JsonGeocoder:152 < ReportUtils:191 < *:278 < *:435 < *:289 < TripsReportProvider:65 < ReportResource:285 < ...)
2026-08-13 04:10:57  WARN: Geocoder network error - HTTP 429 Too Many Requests - ClientErrorException (... < JsonGeocoder:152 < ReportUtils:201 < *:278 < *:435 < *:289 < TripsReportProvider:65 < ReportResource:285 < ...)
2026-08-13 04:10:57  WARN: Geocoder network error - HTTP 429 Too Many Requests - ClientErrorException (... < JsonGeocoder:152 < ReportUtils:191 < *:278 < *:435 < *:289 < TripsReportProvider:65 < ReportResource:285 < ...)
2026-08-13 04:10:57  WARN: Geocoder network error - HTTP 429 Too Many Requests - ClientErrorException (... < JsonGeocoder:152 < ReportUtils:201 < *:278 < *:435 < *:289 < TripsReportProvider:65 < ReportResource:285 < ...)
2026-08-13 04:10:57  WARN: Geocoder network error - HTTP 429 Too Many Requests - ClientErrorException (... < JsonGeocoder:152 < ReportUtils:201 < *:278 < *:435 < *:289 < TripsReportProvider:65 < ReportResource:285 < ...)
2026-08-13 04:10:58  WARN: Geocoder network error - HTTP 429 Too Many Requests - ClientErrorException (... < JsonGeocoder:152 < ReportUtils:201 < *:278 < *:435 < *:289 < TripsReportProvider:65 < ReportResource:285 < ...)
2026-08-13 04:10:58  WARN: Geocoder network error - HTTP 429 Too Many Requests - ClientErrorException (... < JsonGeocoder:152 < ReportUtils:191 < *:278 < *:435 < *:289 < TripsReportProvider:65 < ReportResource:285 < ...)
2026-08-13 04:10:58  WARN: Geocoder network error - HTTP 429 Too Many Requests - ClientErrorException (... < JsonGeocoder:152 < ReportUtils:201 < *:278 < *:435 < *:289 < TripsReportProvider:65 < ReportResource:285 < ...)
2026-08-13 04:10:58  WARN: Geocoder network error - HTTP 429 Too Many Requests - ClientErrorException (... < JsonGeocoder:152 < ReportUtils:191 < *:278 < *:435 < *:289 < TripsReportProvider:65 < ReportResource:285 < ...)
2026-08-13 04:10:58  WARN: Geocoder network error - HTTP 429 Too Many Requests - ClientErrorException (... < JsonGeocoder:152 < ReportUtils:201 < *:278 < *:435 < *:289 < TripsReportProvider:65 < ReportResource:285 < ...)
2026-08-13 04:10:58  WARN: Geocoder network error - HTTP 429 Too Many Requests - ClientErrorException (... < JsonGeocoder:152 < ReportUtils:201 < *:278 < *:435 < *:289 < TripsReportProvider:65 < ReportResource:285 < ...)
2026-08-13 04:10:59  WARN: Geocoder network error - HTTP 429 Too Many Requests - ClientErrorException (... < JsonGeocoder:152 < ReportUtils:201 < *:278 < *:435 < *:289 < TripsReportProvider:65 < ReportResource:285 < ...)
2026-08-13 04:10:59  WARN: Geocoder network error - HTTP 429 Too Many Requests - ClientErrorException (... < JsonGeocoder:152 < ReportUtils:191 < *:278 < *:435 < *:289 < TripsReportProvider:65 < ReportResource:285 < ...)
2026-08-13 04:10:59  WARN: Geocoder network error - HTTP 429 Too Many Requests - ClientErrorException (... < JsonGeocoder:152 < ReportUtils:201 < *:278 < *:435 < *:289 < TripsReportProvider:65 < ReportResource:285 < ...)
2026-08-13 04:10:59  WARN: Geocoder network error - HTTP 429 Too Many Requests - ClientErrorException (... < JsonGeocoder:152 < ReportUtils:191 < *:278 < *:435 < *:289 < TripsReportProvider:65 < ReportResource:285 < ...)
2026-08-13 04:10:59  WARN: Geocoder network error - HTTP 429 Too Many Requests - ClientErrorException (... < JsonGeocoder:152 < ReportUtils:201 < *:278 < *:435 < *:289 < TripsReportProvider:65 < ReportResource:285 < ...)
2026-08-13 04:15:22  INFO: Stopping server...
2026-08-13 04:17:31  INFO: Operating system name: Linux version: 6.6.87.2-microsoft-standard-WSL2 architecture: amd64
2026-08-13 04:17:31  INFO: Java runtime name: OpenJDK 64-Bit Server VM vendor: Eclipse Adoptium version: 21.0.11+10-LTS
2026-08-13 04:17:31  INFO: Memory limit heap: 1986mb non-heap: 0mb
2026-08-13 04:17:31  INFO: Character encoding: UTF-8
2026-08-13 04:17:31  INFO: Version: 6.14.5
2026-08-13 04:17:31  INFO: Starting server...
2026-08-13 04:17:32  INFO: HikariPool-1 - Starting...
2026-08-13 04:17:33  INFO: HikariPool-1 - Added connection com.mysql.cj.jdbc.ConnectionImpl@aced190
2026-08-13 04:17:33  INFO: HikariPool-1 - Start completed.
2026-08-13 04:17:34  INFO: Successfully acquired change log lock
2026-08-13 04:17:34  INFO: Clearing database change log checksums for database mariadb
2026-08-13 04:17:35  INFO: Successfully released change log lock
2026-08-13 04:17:35  INFO: Command execution complete
2026-08-13 04:17:35  INFO: Reading from traccar.databasechangelog
2026-08-13 04:17:37  INFO: Reading from traccar.databasechangelog
2026-08-13 04:17:37  INFO: Reading from traccar.databasechangelog
2026-08-13 04:17:37  INFO: UPDATE SUMMARY
2026-08-13 04:17:37  INFO: Run:                          0
2026-08-13 04:17:37  INFO: Previously run:              33
2026-08-13 04:17:37  INFO: Filtered out:                 1
2026-08-13 04:17:37  INFO: -------------------------------
2026-08-13 04:17:37  INFO: Total change sets:           34
2026-08-13 04:17:37  INFO: FILTERED CHANGE SETS SUMMARY
2026-08-13 04:17:37  INFO: DBMS mismatch:                1
2026-08-13 04:17:37  INFO: Update summary generated
2026-08-13 04:17:37  INFO: Command execution complete
2026-08-13 04:17:43  INFO: jetty-12.1.8; built: 2026-04-01T01:09:18.991Z; git: c9cdc9aaa434a3665b8a53b4d1cc3684992da649; jvm 21.0.11+10-LTS
2026-08-13 04:17:44  INFO: Session workerName=node0
2026-08-13 04:17:44  INFO: Started oeje10s.ServletContextHandler@2ae2fa13{ROOT,/,b=file:///opt/traccar/web/,a=AVAILABLE,h=oeje10s.SessionHandler@66e12c3b{STARTED}}
2026-08-13 04:17:45  INFO: Started oeje10s.ServletContextHandler@2ae2fa13{ROOT,/,b=file:///opt/traccar/web/,a=AVAILABLE,h=oeje10s.SessionHandler@66e12c3b{STARTED}}
2026-08-13 04:17:45  INFO: Started oejs.ServerConnector@9976b27{HTTP/1.1, (http/1.1)}{0.0.0.0:8082}
2026-08-13 04:17:45  INFO: Started oejs.Server@4fe9a396{STARTING}[12.1.8,sto=0] @1273ms
2026-08-13 04:18:05  WARN: Geocoder network error - HTTP 429 Too Many Requests - ClientErrorException (... < JsonGeocoder:152 < ServerResource:129 < ... < WebServer:130 < ... < OverrideFileFilter:55 < ...)
2026-08-13 04:18:05  WARN: Geocoder network error - HTTP 429 Too Many Requests - ClientErrorException (... < JsonGeocoder:152 < ServerResource:129 < ... < WebServer:130 < ... < OverrideFileFilter:55 < ...)
2026-08-13 04:29:20  WARN: Geocoder network error - HTTP 429 Too Many Requests - ClientErrorException (... < JsonGeocoder:152 < ServerResource:129 < ... < WebServer:130 < ... < OverrideFileFilter:55 < ...)
2026-08-13 04:29:20  WARN: Geocoder network error - HTTP 429 Too Many Requests - ClientErrorException (... < JsonGeocoder:152 < ServerResource:129 < ... < WebServer:130 < ... < OverrideFileFilter:55 < ...)
2026-08-13 04:37:56  WARN: Geocoder network error - HTTP 429 Too Many Requests - ClientErrorException (... < JsonGeocoder:152 < ServerResource:129 < ... < WebServer:130 < ... < OverrideFileFilter:55 < ...)
2026-08-13 04:37:56  WARN: Geocoder network error - HTTP 429 Too Many Requests - ClientErrorException (... < JsonGeocoder:152 < ServerResource:129 < ... < WebServer:130 < ... < OverrideFileFilter:55 < ...)
2026-08-14 20:40:43  INFO: Operating system name: Linux version: 6.6.87.2-microsoft-standard-WSL2 architecture: amd64
2026-08-14 20:40:43  INFO: Java runtime name: OpenJDK 64-Bit Server VM vendor: Eclipse Adoptium version: 21.0.11+10-LTS
2026-08-14 20:40:43  INFO: Memory limit heap: 1986mb non-heap: 0mb
2026-08-14 20:40:43  INFO: Character encoding: UTF-8
2026-08-14 20:40:43  INFO: Version: 6.14.5
2026-08-14 20:40:43  INFO: Starting server...
2026-08-14 20:40:44  INFO: HikariPool-1 - Starting...
2026-08-14 20:40:46  INFO: HikariPool-1 - Added connection com.mysql.cj.jdbc.ConnectionImpl@aced190
2026-08-14 20:40:46  INFO: HikariPool-1 - Start completed.
2026-08-14 20:40:49  INFO: Successfully acquired change log lock
2026-08-14 20:40:49  INFO: Clearing database change log checksums for database mariadb
2026-08-14 20:40:49  INFO: Successfully released change log lock
2026-08-14 20:40:49  INFO: Command execution complete
2026-08-14 20:40:51  INFO: Reading from traccar.databasechangelog
2026-08-14 20:40:55  INFO: Reading from traccar.databasechangelog
2026-08-14 20:40:55  INFO: Reading from traccar.databasechangelog
2026-08-14 20:40:55  INFO: UPDATE SUMMARY
2026-08-14 20:40:55  INFO: Run:                          0
2026-08-14 20:40:55  INFO: Previously run:              33
2026-08-14 20:40:55  INFO: Filtered out:                 1
2026-08-14 20:40:55  INFO: -------------------------------
2026-08-14 20:40:55  INFO: Total change sets:           34
2026-08-14 20:40:55  INFO: FILTERED CHANGE SETS SUMMARY
2026-08-14 20:40:55  INFO: DBMS mismatch:                1
2026-08-14 20:40:55  INFO: Update summary generated
2026-08-14 20:40:55  INFO: Command execution complete
2026-08-14 20:40:59  INFO: jetty-12.1.8; built: 2026-04-01T01:09:18.991Z; git: c9cdc9aaa434a3665b8a53b4d1cc3684992da649; jvm 21.0.11+10-LTS
2026-08-14 20:40:59  INFO: Session workerName=node0
2026-08-14 20:40:59  INFO: Started oeje10s.ServletContextHandler@1f6f0fe2{ROOT,/,b=file:///opt/traccar/web/,a=AVAILABLE,h=oeje10s.SessionHandler@22604c7e{STARTED}}
2026-08-14 20:41:01  INFO: Started oeje10s.ServletContextHandler@1f6f0fe2{ROOT,/,b=file:///opt/traccar/web/,a=AVAILABLE,h=oeje10s.SessionHandler@22604c7e{STARTED}}
2026-08-14 20:41:01  INFO: Started oejs.ServerConnector@41d84abb{HTTP/1.1, (http/1.1)}{0.0.0.0:8082}
2026-08-14 20:41:01  INFO: Started oejs.Server@54087bdb{STARTING}[12.1.8,sto=0] @1631ms
2026-08-14 21:04:06  INFO: Stopping server...
2026-08-14 19:34:34  INFO: Operating system name: Windows 11 version: 10.0 architecture: amd64
2026-08-14 19:34:34  INFO: Java runtime name: OpenJDK 64-Bit Server VM vendor: Eclipse Adoptium version: 21.0.11+10-LTS
2026-08-14 19:34:34  INFO: Memory limit heap: 4078mb non-heap: 0mb
2026-08-14 19:34:34  INFO: Character encoding: UTF-8
2026-08-14 19:34:34  INFO: Version: 6.14.5
2026-08-14 19:34:34  INFO: Starting server...
2026-08-14 19:34:35  INFO: HikariPool-1 - Starting...
2026-08-14 19:34:40 ERROR: Main method error - No such host is known (db) - UnknownHostException (... < DatabaseModule:82 < <gener:-1 < *:-1 < ... < MainModule:146 < <gener:-1 < ...)
2026-08-15 00:51:36  INFO: Operating system name: Linux version: 6.6.87.2-microsoft-standard-WSL2 architecture: amd64
2026-08-15 00:51:36  INFO: Java runtime name: OpenJDK 64-Bit Server VM vendor: Eclipse Adoptium version: 21.0.11+10-LTS
2026-08-15 00:51:36  INFO: Memory limit heap: 1986mb non-heap: 0mb
2026-08-15 00:51:36  INFO: Character encoding: UTF-8
2026-08-15 00:51:36  INFO: Version: 6.14.5
2026-08-15 00:51:36  INFO: Starting server...
2026-08-15 00:51:36  INFO: HikariPool-1 - Starting...
2026-08-15 00:51:38  INFO: HikariPool-1 - Added connection com.mysql.cj.jdbc.ConnectionImpl@ff6077
2026-08-15 00:51:38  INFO: HikariPool-1 - Start completed.
2026-08-15 00:51:39  INFO: Successfully acquired change log lock
2026-08-15 00:51:40  INFO: Clearing database change log checksums for database mariadb
2026-08-15 00:51:40  INFO: Successfully released change log lock
2026-08-15 00:51:40  INFO: Command execution complete
2026-08-15 00:51:42  INFO: Reading from traccar.databasechangelog
2026-08-15 00:51:45  INFO: Reading from traccar.databasechangelog
2026-08-15 00:51:45  INFO: Reading from traccar.databasechangelog
2026-08-15 00:51:46  INFO: UPDATE SUMMARY
2026-08-15 00:51:46  INFO: Run:                          0
2026-08-15 00:51:46  INFO: Previously run:              33
2026-08-15 00:51:46  INFO: Filtered out:                 1
2026-08-15 00:51:46  INFO: -------------------------------
2026-08-15 00:51:46  INFO: Total change sets:           34
2026-08-15 00:51:46  INFO: FILTERED CHANGE SETS SUMMARY
2026-08-15 00:51:46  INFO: DBMS mismatch:                1
2026-08-15 00:51:46  INFO: Update summary generated
2026-08-15 00:51:46  INFO: Command execution complete
2026-08-15 00:51:56  INFO: jetty-12.1.8; built: 2026-04-01T01:09:18.991Z; git: c9cdc9aaa434a3665b8a53b4d1cc3684992da649; jvm 21.0.11+10-LTS
2026-08-15 00:51:56  INFO: Session workerName=node0
2026-08-15 00:51:57  INFO: Started oeje10s.ServletContextHandler@66314fee{ROOT,/,b=file:///opt/taipan/web/,a=AVAILABLE,h=oeje10s.SessionHandler@14b5325f{STARTED}}
2026-08-15 00:51:59  INFO: Started oeje10s.ServletContextHandler@66314fee{ROOT,/,b=file:///opt/taipan/web/,a=AVAILABLE,h=oeje10s.SessionHandler@14b5325f{STARTED}}
2026-08-15 00:52:00  INFO: Started oejs.ServerConnector@1ba3c03d{HTTP/1.1, (http/1.1)}{0.0.0.0:8082}
2026-08-15 00:52:00  INFO: Started oejs.Server@9a37591{STARTING}[12.1.8,sto=0] @3379ms
2026-08-15 00:52:17  WARN: Geocoder network error - HTTP 429 Too Many Requests - ClientErrorException (... < JsonGeocoder:152 < ServerResource:129 < ... < WebServer:131 < ... < OverrideFileFilter:55 < ...)
2026-08-15 00:52:17  WARN: Geocoder network error - HTTP 429 Too Many Requests - ClientErrorException (... < JsonGeocoder:152 < ServerResource:129 < ... < WebServer:131 < ... < OverrideFileFilter:55 < ...)
2026-08-15 00:52:19  WARN: Geocoder network error - HTTP 429 Too Many Requests - ClientErrorException (... < JsonGeocoder:152 < ServerResource:129 < ... < WebServer:131 < ... < OverrideFileFilter:55 < ...)
2026-08-15 00:52:19  WARN: Geocoder network error - HTTP 429 Too Many Requests - ClientErrorException (... < JsonGeocoder:152 < ServerResource:129 < ... < WebServer:131 < ... < OverrideFileFilter:55 < ...)
2026-08-15 00:52:21  WARN: baseResource file:///opt/taipan/./media is not a readable directory
2026-08-15 01:28:47  INFO: Operating system name: Linux version: 6.6.87.2-microsoft-standard-WSL2 architecture: amd64
2026-08-15 01:28:47  INFO: Java runtime name: OpenJDK 64-Bit Server VM vendor: Eclipse Adoptium version: 21.0.11+10-LTS
2026-08-15 01:28:47  INFO: Memory limit heap: 1986mb non-heap: 0mb
2026-08-15 01:28:47  INFO: Character encoding: UTF-8
2026-08-15 01:28:47  INFO: Version: 6.14.5
2026-08-15 01:28:47  INFO: Starting server...
2026-08-15 01:28:48  INFO: HikariPool-1 - Starting...
2026-08-15 01:28:50  INFO: HikariPool-1 - Added connection com.mysql.cj.jdbc.ConnectionImpl@ff6077
2026-08-15 01:28:50  INFO: HikariPool-1 - Start completed.
2026-08-15 01:28:51  INFO: Successfully acquired change log lock
2026-08-15 01:28:52  INFO: Clearing database change log checksums for database mariadb
2026-08-15 01:28:52  INFO: Successfully released change log lock
2026-08-15 01:28:52  INFO: Command execution complete
2026-08-15 01:28:53  INFO: Reading from traccar.databasechangelog
2026-08-15 01:28:59  INFO: Reading from traccar.databasechangelog
2026-08-15 01:28:59  INFO: Reading from traccar.databasechangelog
2026-08-15 01:28:59  INFO: UPDATE SUMMARY
2026-08-15 01:28:59  INFO: Run:                          0
2026-08-15 01:28:59  INFO: Previously run:              33
2026-08-15 01:28:59  INFO: Filtered out:                 1
2026-08-15 01:28:59  INFO: -------------------------------
2026-08-15 01:28:59  INFO: Total change sets:           34
2026-08-15 01:28:59  INFO: FILTERED CHANGE SETS SUMMARY
2026-08-15 01:28:59  INFO: DBMS mismatch:                1
2026-08-15 01:28:59  INFO: Update summary generated
2026-08-15 01:28:59  INFO: Command execution complete
2026-08-15 01:29:03  INFO: jetty-12.1.8; built: 2026-04-01T01:09:18.991Z; git: c9cdc9aaa434a3665b8a53b4d1cc3684992da649; jvm 21.0.11+10-LTS
2026-08-15 01:29:03  INFO: Session workerName=node0
2026-08-15 01:29:03  INFO: Started oeje10s.ServletContextHandler@1e4d8770{ROOT,/,b=file:///opt/taipan/web/,a=AVAILABLE,h=oeje10s.SessionHandler@5b5b9521{STARTED}}
2026-08-15 01:29:06  INFO: Started oeje10s.ServletContextHandler@1e4d8770{ROOT,/,b=file:///opt/taipan/web/,a=AVAILABLE,h=oeje10s.SessionHandler@5b5b9521{STARTED}}
2026-08-15 01:29:06  INFO: Started oejs.ServerConnector@1831447c{HTTP/1.1, (http/1.1)}{0.0.0.0:8082}
2026-08-15 01:29:06  INFO: Started oejs.Server@7741507c{STARTING}[12.1.8,sto=0] @3597ms
2026-08-15 01:29:17  WARN: Geocoder network error - HTTP 429 Too Many Requests - ClientErrorException (... < JsonGeocoder:152 < ServerResource:129 < ... < WebServer:131 < ... < OverrideFileFilter:55 < ...)
2026-08-15 01:29:17  WARN: Geocoder network error - HTTP 429 Too Many Requests - ClientErrorException (... < JsonGeocoder:152 < ServerResource:129 < ... < WebServer:131 < ... < OverrideFileFilter:55 < ...)
2026-08-15 01:32:47  WARN: Geocoder network error - HTTP 429 Too Many Requests - ClientErrorException (... < JsonGeocoder:152 < ServerResource:129 < ... < WebServer:131 < ... < OverrideFileFilter:55 < ...)
2026-08-15 01:32:47  WARN: Geocoder network error - HTTP 429 Too Many Requests - ClientErrorException (... < JsonGeocoder:152 < ServerResource:129 < ... < WebServer:131 < ... < OverrideFileFilter:55 < ...)
2026-08-15 01:35:28  WARN: Geocoder network error - HTTP 429 Too Many Requests - ClientErrorException (... < JsonGeocoder:152 < ServerResource:129 < ... < WebServer:131 < ... < OverrideFileFilter:55 < ...)
2026-08-15 01:35:28  WARN: Geocoder network error - HTTP 429 Too Many Requests - ClientErrorException (... < JsonGeocoder:152 < ServerResource:129 < ... < WebServer:131 < ... < OverrideFileFilter:55 < ...)
2026-08-15 01:41:04  INFO: Operating system name: Linux version: 6.6.87.2-microsoft-standard-WSL2 architecture: amd64
2026-08-15 01:41:04  INFO: Java runtime name: OpenJDK 64-Bit Server VM vendor: Eclipse Adoptium version: 21.0.11+10-LTS
2026-08-15 01:41:04  INFO: Memory limit heap: 1986mb non-heap: 0mb
2026-08-15 01:41:04  INFO: Character encoding: UTF-8
2026-08-15 01:41:04  INFO: Version: 6.14.5
2026-08-15 01:41:04  INFO: Starting server...
2026-08-15 01:41:05  INFO: HikariPool-1 - Starting...
2026-08-15 01:41:06  INFO: HikariPool-1 - Added connection com.mysql.cj.jdbc.ConnectionImpl@ff6077
2026-08-15 01:41:06  INFO: HikariPool-1 - Start completed.
2026-08-15 01:41:07  INFO: Successfully acquired change log lock
2026-08-15 01:41:08  INFO: Clearing database change log checksums for database mariadb
2026-08-15 01:41:08  INFO: Successfully released change log lock
2026-08-15 01:41:08  INFO: Command execution complete
2026-08-15 01:41:09  INFO: Reading from traccar.databasechangelog
2026-08-15 01:41:11  INFO: Reading from traccar.databasechangelog
2026-08-15 01:41:11  INFO: Reading from traccar.databasechangelog
2026-08-15 01:41:11  INFO: UPDATE SUMMARY
2026-08-15 01:41:11  INFO: Run:                          0
2026-08-15 01:41:11  INFO: Previously run:              33
2026-08-15 01:41:11  INFO: Filtered out:                 1
2026-08-15 01:41:11  INFO: -------------------------------
2026-08-15 01:41:11  INFO: Total change sets:           34
2026-08-15 01:41:11  INFO: FILTERED CHANGE SETS SUMMARY
2026-08-15 01:41:11  INFO: DBMS mismatch:                1
2026-08-15 01:41:11  INFO: Update summary generated
2026-08-15 01:41:11  INFO: Command execution complete
2026-08-15 01:41:14  INFO: jetty-12.1.8; built: 2026-04-01T01:09:18.991Z; git: c9cdc9aaa434a3665b8a53b4d1cc3684992da649; jvm 21.0.11+10-LTS
2026-08-15 01:41:14  INFO: Session workerName=node0
2026-08-15 01:41:14  INFO: Started oeje10s.ServletContextHandler@1e4d8770{ROOT,/,b=file:///opt/taipan/web/,a=AVAILABLE,h=oeje10s.SessionHandler@5b5b9521{STARTED}}
2026-08-15 01:41:16  INFO: Started oeje10s.ServletContextHandler@1e4d8770{ROOT,/,b=file:///opt/taipan/web/,a=AVAILABLE,h=oeje10s.SessionHandler@5b5b9521{STARTED}}
2026-08-15 01:41:16  INFO: Started oejs.ServerConnector@1831447c{HTTP/1.1, (http/1.1)}{0.0.0.0:8082}
2026-08-15 01:41:16  INFO: Started oejs.Server@7741507c{STARTING}[12.1.8,sto=0] @2074ms
2026-08-15 01:43:03  WARN: Geocoder network error - HTTP 429 Too Many Requests - ClientErrorException (... < JsonGeocoder:152 < ServerResource:129 < ... < WebServer:131 < ... < OverrideFileFilter:55 < ...)
2026-08-15 01:43:03  WARN: Geocoder network error - HTTP 429 Too Many Requests - ClientErrorException (... < JsonGeocoder:152 < ServerResource:129 < ... < WebServer:131 < ... < OverrideFileFilter:55 < ...)
2026-08-15 01:46:46  INFO: Operating system name: Linux version: 6.6.87.2-microsoft-standard-WSL2 architecture: amd64
2026-08-15 01:46:46  INFO: Java runtime name: OpenJDK 64-Bit Server VM vendor: Eclipse Adoptium version: 21.0.11+10-LTS
2026-08-15 01:46:46  INFO: Memory limit heap: 1986mb non-heap: 0mb
2026-08-15 01:46:46  INFO: Character encoding: UTF-8
2026-08-15 01:46:46  INFO: Version: 6.14.5
2026-08-15 01:46:46  INFO: Starting server...
2026-08-15 01:46:47  INFO: HikariPool-1 - Starting...
2026-08-15 01:46:48  INFO: HikariPool-1 - Added connection com.mysql.cj.jdbc.ConnectionImpl@ff6077
2026-08-15 01:46:48  INFO: HikariPool-1 - Start completed.
2026-08-15 01:46:49  INFO: Successfully acquired change log lock
2026-08-15 01:46:50  INFO: Clearing database change log checksums for database mariadb
2026-08-15 01:46:50  INFO: Successfully released change log lock
2026-08-15 01:46:50  INFO: Command execution complete
2026-08-15 01:46:52  INFO: Reading from traccar.databasechangelog
2026-08-15 01:46:56  INFO: Reading from traccar.databasechangelog
2026-08-15 01:46:56  INFO: Reading from traccar.databasechangelog
2026-08-15 01:46:56  INFO: UPDATE SUMMARY
2026-08-15 01:46:56  INFO: Run:                          0
2026-08-15 01:46:56  INFO: Previously run:              33
2026-08-15 01:46:56  INFO: Filtered out:                 1
2026-08-15 01:46:56  INFO: -------------------------------
2026-08-15 01:46:56  INFO: Total change sets:           34
2026-08-15 01:46:56  INFO: FILTERED CHANGE SETS SUMMARY
2026-08-15 01:46:56  INFO: DBMS mismatch:                1
2026-08-15 01:46:56  INFO: Update summary generated
2026-08-15 01:46:56  INFO: Command execution complete
2026-08-15 01:47:02  INFO: jetty-12.1.8; built: 2026-04-01T01:09:18.991Z; git: c9cdc9aaa434a3665b8a53b4d1cc3684992da649; jvm 21.0.11+10-LTS
2026-08-15 01:47:02  INFO: Session workerName=node0
2026-08-15 01:47:02  INFO: Started oeje10s.ServletContextHandler@1e4d8770{ROOT,/,b=file:///opt/taipan/web/,a=AVAILABLE,h=oeje10s.SessionHandler@5b5b9521{STARTED}}
2026-08-15 01:47:04  INFO: Started oeje10s.ServletContextHandler@1e4d8770{ROOT,/,b=file:///opt/taipan/web/,a=AVAILABLE,h=oeje10s.SessionHandler@5b5b9521{STARTED}}
2026-08-15 01:47:04  INFO: Started oejs.ServerConnector@531e2db1{HTTP/1.1, (http/1.1)}{0.0.0.0:8082}
2026-08-15 01:47:04  INFO: Started oejs.Server@1831447c{STARTING}[12.1.8,sto=0] @2263ms
2026-08-15 01:48:03  WARN: Geocoder network error - HTTP 429 Too Many Requests - ClientErrorException (... < JsonGeocoder:152 < ServerResource:129 < ... < WebServer:131 < ... < OverrideFileFilter:55 < ...)
2026-08-15 01:48:03  WARN: Geocoder network error - HTTP 429 Too Many Requests - ClientErrorException (... < JsonGeocoder:152 < ServerResource:129 < ... < WebServer:131 < ... < OverrideFileFilter:55 < ...)
2026-08-15 01:48:18  WARN: Geocoder network error - HTTP 429 Too Many Requests - ClientErrorException (... < JsonGeocoder:152 < ServerResource:129 < ... < WebServer:131 < ... < OverrideFileFilter:55 < ...)
2026-08-15 01:48:18  WARN: Geocoder network error - HTTP 429 Too Many Requests - ClientErrorException (... < JsonGeocoder:152 < ServerResource:129 < ... < WebServer:131 < ... < OverrideFileFilter:55 < ...)
2026-08-15 01:57:05  WARN: Geocoder network error - HTTP 429 Too Many Requests - ClientErrorException (... < JsonGeocoder:152 < ServerResource:129 < ... < WebServer:131 < ... < OverrideFileFilter:55 < ...)
2026-08-15 01:57:05  WARN: Geocoder network error - HTTP 429 Too Many Requests - ClientErrorException (... < JsonGeocoder:152 < ServerResource:129 < ... < WebServer:131 < ... < OverrideFileFilter:55 < ...)
2026-08-15 02:00:19  WARN: Geocoder network error - HTTP 429 Too Many Requests - ClientErrorException (... < JsonGeocoder:152 < ServerResource:129 < ... < WebServer:131 < ... < OverrideFileFilter:55 < ...)
2026-08-15 02:00:19  WARN: Geocoder network error - HTTP 429 Too Many Requests - ClientErrorException (... < JsonGeocoder:152 < ServerResource:129 < ... < WebServer:131 < ... < OverrideFileFilter:55 < ...)
2026-08-15 02:01:35  WARN: Geocoder network error - HTTP 429 Too Many Requests - ClientErrorException (... < JsonGeocoder:152 < ServerResource:129 < ... < WebServer:131 < ... < OverrideFileFilter:55 < ...)
2026-08-15 02:01:35  WARN: Geocoder network error - HTTP 429 Too Many Requests - ClientErrorException (... < JsonGeocoder:152 < ServerResource:129 < ... < WebServer:131 < ... < OverrideFileFilter:55 < ...)
2026-08-15 02:02:07  WARN: baseResource file:///opt/taipan/./media is not a readable directory
2026-08-15 02:03:02  WARN: Geocoder network error - HTTP 429 Too Many Requests - ClientErrorException (... < JsonGeocoder:152 < ServerResource:129 < ... < WebServer:131 < ... < OverrideFileFilter:55 < ...)
2026-08-15 02:03:02  WARN: Geocoder network error - HTTP 429 Too Many Requests - ClientErrorException (... < JsonGeocoder:152 < ServerResource:129 < ... < WebServer:131 < ... < OverrideFileFilter:55 < ...)
2026-08-15 02:03:34  WARN: Geocoder network error - HTTP 429 Too Many Requests - ClientErrorException (... < JsonGeocoder:152 < ServerResource:129 < ... < WebServer:131 < ... < OverrideFileFilter:55 < ...)
2026-08-15 02:03:34  WARN: Geocoder network error - HTTP 429 Too Many Requests - ClientErrorException (... < JsonGeocoder:152 < ServerResource:129 < ... < WebServer:131 < ... < OverrideFileFilter:55 < ...)
2026-08-15 02:04:15  WARN: Geocoder network error - HTTP 429 Too Many Requests - ClientErrorException (... < JsonGeocoder:152 < ServerResource:129 < ... < WebServer:131 < ... < OverrideFileFilter:55 < ...)
2026-08-15 02:04:15  WARN: Geocoder network error - HTTP 429 Too Many Requests - ClientErrorException (... < JsonGeocoder:152 < ServerResource:129 < ... < WebServer:131 < ... < OverrideFileFilter:55 < ...)
2026-08-15 02:04:29  WARN: Geocoder network error - HTTP 429 Too Many Requests - ClientErrorException (... < JsonGeocoder:152 < ServerResource:129 < ... < WebServer:131 < ... < OverrideFileFilter:55 < ...)
2026-08-15 02:04:29  WARN: Geocoder network error - HTTP 429 Too Many Requests - ClientErrorException (... < JsonGeocoder:152 < ServerResource:129 < ... < WebServer:131 < ... < OverrideFileFilter:55 < ...)
2026-08-15 02:05:11  WARN: Geocoder network error - HTTP 429 Too Many Requests - ClientErrorException (... < JsonGeocoder:152 < ServerResource:129 < ... < WebServer:131 < ... < OverrideFileFilter:55 < ...)
2026-08-15 02:05:11  WARN: Geocoder network error - HTTP 429 Too Many Requests - ClientErrorException (... < JsonGeocoder:152 < ServerResource:129 < ... < WebServer:131 < ... < OverrideFileFilter:55 < ...)
2026-08-15 02:06:24  WARN: Geocoder network error - HTTP 429 Too Many Requests - ClientErrorException (... < JsonGeocoder:152 < ServerResource:129 < ... < WebServer:131 < ... < OverrideFileFilter:55 < ...)
2026-08-15 02:06:24  WARN: Geocoder network error - HTTP 429 Too Many Requests - ClientErrorException (... < JsonGeocoder:152 < ServerResource:129 < ... < WebServer:131 < ... < OverrideFileFilter:55 < ...)
2026-08-15 02:08:10  WARN: Geocoder network error - HTTP 429 Too Many Requests - ClientErrorException (... < JsonGeocoder:152 < ServerResource:129 < ... < WebServer:131 < ... < OverrideFileFilter:55 < ...)
2026-08-15 02:08:10  WARN: Geocoder network error - HTTP 429 Too Many Requests - ClientErrorException (... < JsonGeocoder:152 < ServerResource:129 < ... < WebServer:131 < ... < OverrideFileFilter:55 < ...)
2026-08-15 02:08:51  WARN: Geocoder network error - HTTP 429 Too Many Requests - ClientErrorException (... < JsonGeocoder:152 < ServerResource:129 < ... < WebServer:131 < ... < OverrideFileFilter:55 < ...)
2026-08-15 02:08:51  WARN: Geocoder network error - HTTP 429 Too Many Requests - ClientErrorException (... < JsonGeocoder:152 < ServerResource:129 < ... < WebServer:131 < ... < OverrideFileFilter:55 < ...)
2026-08-15 02:09:32  WARN: Geocoder network error - HTTP 429 Too Many Requests - ClientErrorException (... < JsonGeocoder:152 < ServerResource:129 < ... < WebServer:131 < ... < OverrideFileFilter:55 < ...)
2026-08-15 02:09:32  WARN: Geocoder network error - HTTP 429 Too Many Requests - ClientErrorException (... < JsonGeocoder:152 < ServerResource:129 < ... < WebServer:131 < ... < OverrideFileFilter:55 < ...)
2026-08-15 02:10:14  WARN: Geocoder network error - HTTP 429 Too Many Requests - ClientErrorException (... < JsonGeocoder:152 < ServerResource:129 < ... < WebServer:131 < ... < OverrideFileFilter:55 < ...)
2026-08-15 02:10:14  WARN: Geocoder network error - HTTP 429 Too Many Requests - ClientErrorException (... < JsonGeocoder:152 < ServerResource:129 < ... < WebServer:131 < ... < OverrideFileFilter:55 < ...)
2026-08-15 02:10:33  WARN: Geocoder network error - HTTP 429 Too Many Requests - ClientErrorException (... < JsonGeocoder:152 < ServerResource:129 < ... < WebServer:131 < ... < OverrideFileFilter:55 < ...)
2026-08-15 02:10:33  WARN: Geocoder network error - HTTP 429 Too Many Requests - ClientErrorException (... < JsonGeocoder:152 < ServerResource:129 < ... < WebServer:131 < ... < OverrideFileFilter:55 < ...)
2026-08-15 02:12:44  WARN: Geocoder network error - HTTP 429 Too Many Requests - ClientErrorException (... < JsonGeocoder:152 < ServerResource:129 < ... < WebServer:131 < ... < OverrideFileFilter:55 < ...)
2026-08-15 02:12:44  WARN: Geocoder network error - HTTP 429 Too Many Requests - ClientErrorException (... < JsonGeocoder:152 < ServerResource:129 < ... < WebServer:131 < ... < OverrideFileFilter:55 < ...)
2026-08-15 02:13:02  WARN: Geocoder network error - HTTP 429 Too Many Requests - ClientErrorException (... < JsonGeocoder:152 < ServerResource:129 < ... < WebServer:131 < ... < OverrideFileFilter:55 < ...)
2026-08-15 02:13:02  WARN: Geocoder network error - HTTP 429 Too Many Requests - ClientErrorException (... < JsonGeocoder:152 < ServerResource:129 < ... < WebServer:131 < ... < OverrideFileFilter:55 < ...)
2026-08-15 02:15:56  WARN: Geocoder network error - HTTP 429 Too Many Requests - ClientErrorException (... < JsonGeocoder:152 < ServerResource:129 < ... < WebServer:131 < ... < OverrideFileFilter:55 < ...)
2026-08-15 02:15:56  WARN: Geocoder network error - HTTP 429 Too Many Requests - ClientErrorException (... < JsonGeocoder:152 < ServerResource:129 < ... < WebServer:131 < ... < OverrideFileFilter:55 < ...)
2026-08-15 02:16:51  WARN: Geocoder network error - HTTP 429 Too Many Requests - ClientErrorException (... < JsonGeocoder:152 < ServerResource:129 < ... < WebServer:131 < ... < OverrideFileFilter:55 < ...)
2026-08-15 02:16:51  WARN: Geocoder network error - HTTP 429 Too Many Requests - ClientErrorException (... < JsonGeocoder:152 < ServerResource:129 < ... < WebServer:131 < ... < OverrideFileFilter:55 < ...)
2026-08-15 02:17:15  WARN: Geocoder network error - HTTP 429 Too Many Requests - ClientErrorException (... < JsonGeocoder:152 < ServerResource:129 < ... < WebServer:131 < ... < OverrideFileFilter:55 < ...)
2026-08-15 02:17:15  WARN: Geocoder network error - HTTP 429 Too Many Requests - ClientErrorException (... < JsonGeocoder:152 < ServerResource:129 < ... < WebServer:131 < ... < OverrideFileFilter:55 < ...)
2026-08-15 02:17:45  WARN: Geocoder network error - HTTP 429 Too Many Requests - ClientErrorException (... < JsonGeocoder:152 < ServerResource:129 < ... < WebServer:131 < ... < OverrideFileFilter:55 < ...)
2026-08-15 02:17:45  WARN: Geocoder network error - HTTP 429 Too Many Requests - ClientErrorException (... < JsonGeocoder:152 < ServerResource:129 < ... < WebServer:131 < ... < OverrideFileFilter:55 < ...)
2026-08-15 02:19:23  WARN: Geocoder network error - HTTP 429 Too Many Requests - ClientErrorException (... < JsonGeocoder:152 < ServerResource:129 < ... < WebServer:131 < ... < OverrideFileFilter:55 < ...)
2026-08-15 02:19:24  WARN: Geocoder network error - HTTP 429 Too Many Requests - ClientErrorException (... < JsonGeocoder:152 < ServerResource:129 < ... < WebServer:131 < ... < OverrideFileFilter:55 < ...)
2026-08-15 02:20:21  WARN: Geocoder network error - HTTP 429 Too Many Requests - ClientErrorException (... < JsonGeocoder:152 < ServerResource:129 < ... < WebServer:131 < ... < OverrideFileFilter:55 < ...)
2026-08-15 02:20:21  WARN: Geocoder network error - HTTP 429 Too Many Requests - ClientErrorException (... < JsonGeocoder:152 < ServerResource:129 < ... < WebServer:131 < ... < OverrideFileFilter:55 < ...)
2026-08-15 02:20:31  WARN: Geocoder network error - HTTP 429 Too Many Requests - ClientErrorException (... < JsonGeocoder:152 < ServerResource:129 < ... < WebServer:131 < ... < OverrideFileFilter:55 < ...)
2026-08-15 02:20:31  WARN: Geocoder network error - HTTP 429 Too Many Requests - ClientErrorException (... < JsonGeocoder:152 < ServerResource:129 < ... < WebServer:131 < ... < OverrideFileFilter:55 < ...)
2026-08-15 02:43:15  WARN: Geocoder network error - HTTP 429 Too Many Requests - ClientErrorException (... < JsonGeocoder:152 < ServerResource:129 < ... < WebServer:131 < ... < OverrideFileFilter:55 < ...)
2026-08-15 02:43:15  WARN: Geocoder network error - HTTP 429 Too Many Requests - ClientErrorException (... < JsonGeocoder:152 < ServerResource:129 < ... < WebServer:131 < ... < OverrideFileFilter:55 < ...)
2026-08-15 21:26:15  INFO: Operating system name: Linux version: 6.6.87.2-microsoft-standard-WSL2 architecture: amd64
2026-08-15 21:26:15  INFO: Java runtime name: OpenJDK 64-Bit Server VM vendor: Eclipse Adoptium version: 21.0.11+10-LTS
2026-08-15 21:26:15  INFO: Memory limit heap: 1978mb non-heap: 0mb
2026-08-15 21:26:15  INFO: Character encoding: UTF-8
2026-08-15 21:26:15  INFO: Version: 6.14.5
2026-08-15 21:26:15  INFO: Starting server...
2026-08-15 21:26:17  INFO: HikariPool-1 - Starting...
2026-08-15 21:26:21 ERROR: Main method error - Connection refused - ConnectException (... < DatabaseModule:82 < <gener:-1 < *:-1 < ... < MainModule:147 < <gener:-1 < ...)
2026-08-15 21:28:20  INFO: Operating system name: Linux version: 6.6.87.2-microsoft-standard-WSL2 architecture: amd64
2026-08-15 21:28:20  INFO: Java runtime name: OpenJDK 64-Bit Server VM vendor: Eclipse Adoptium version: 21.0.11+10-LTS
2026-08-15 21:28:20  INFO: Memory limit heap: 1978mb non-heap: 0mb
2026-08-15 21:28:20  INFO: Character encoding: UTF-8
2026-08-15 21:28:20  INFO: Version: 6.14.5
2026-08-15 21:28:20  INFO: Starting server...
2026-08-15 21:28:20  INFO: HikariPool-1 - Starting...
2026-08-15 21:28:22  INFO: HikariPool-1 - Added connection com.mysql.cj.jdbc.ConnectionImpl@ff6077
2026-08-15 21:28:22  INFO: HikariPool-1 - Start completed.
2026-08-15 21:28:24  INFO: Successfully acquired change log lock
2026-08-15 21:28:24  INFO: Clearing database change log checksums for database mariadb
2026-08-15 21:28:24  INFO: Successfully released change log lock
2026-08-15 21:28:24  INFO: Command execution complete
2026-08-15 21:28:27  INFO: Reading from traccar.databasechangelog
2026-08-15 21:28:34  INFO: Reading from traccar.databasechangelog
2026-08-15 21:28:34  INFO: Reading from traccar.databasechangelog
2026-08-15 21:28:34  INFO: UPDATE SUMMARY
2026-08-15 21:28:34  INFO: Run:                          0
2026-08-15 21:28:34  INFO: Previously run:              33
2026-08-15 21:28:34  INFO: Filtered out:                 1
2026-08-15 21:28:34  INFO: -------------------------------
2026-08-15 21:28:34  INFO: Total change sets:           34
2026-08-15 21:28:34  INFO: FILTERED CHANGE SETS SUMMARY
2026-08-15 21:28:34  INFO: DBMS mismatch:                1
2026-08-15 21:28:34  INFO: Update summary generated
2026-08-15 21:28:34  INFO: Command execution complete
2026-08-15 21:28:40  INFO: jetty-12.1.8; built: 2026-04-01T01:09:18.991Z; git: c9cdc9aaa434a3665b8a53b4d1cc3684992da649; jvm 21.0.11+10-LTS
2026-08-15 21:28:40  INFO: Session workerName=node0
2026-08-15 21:28:40  INFO: Started oeje10s.ServletContextHandler@1e4d8770{ROOT,/,b=file:///opt/taipan/web/,a=AVAILABLE,h=oeje10s.SessionHandler@5b5b9521{STARTED}}
2026-08-15 21:28:42  INFO: Started oeje10s.ServletContextHandler@1e4d8770{ROOT,/,b=file:///opt/taipan/web/,a=AVAILABLE,h=oeje10s.SessionHandler@5b5b9521{STARTED}}
2026-08-15 21:28:42  INFO: Started oejs.ServerConnector@1831447c{HTTP/1.1, (http/1.1)}{0.0.0.0:8082}
2026-08-15 21:28:42  INFO: Started oejs.Server@7741507c{STARTING}[12.1.8,sto=0] @2108ms
2026-08-15 21:37:18  WARN: baseResource file:///opt/taipan/./media is not a readable directory
2026-08-15 23:01:02  INFO: [T5566e440] connected
2026-08-15 23:01:02  INFO: [T5566e440: osmand < 172.18.0.1] POST / HTTP/1.1\r\nAccept: */*\r\nUser-Agent: ktor-client\r\nContent-Type: application/x-www-form-urlencoded; charset=UTF-8\r\nContent-Length: 148\r\nHost: 192.168.1.2:6055\r\nConnection: Keep-Alive\r\nAccept-Encoding: gzip\r\n\r\nid=10430479&lat=7.1203296&lon=-73.1352047&timestamp=1786833814&accuracy=25.211999893188477&altitude=934.3999633789062&speed=0.0&batt=96&charge=false
2026-08-15 23:01:03  INFO: [T5566e440: osmand > 172.18.0.1] HTTP/1.1 200 OK\r\ncontent-length: 0\r\n\r\n
2026-08-15 23:01:03  INFO: [T5566e440: osmand < 172.18.0.1] POST / HTTP/1.1\r\nAccept: */*\r\nUser-Agent: ktor-client\r\nContent-Type: application/x-www-form-urlencoded; charset=UTF-8\r\nContent-Length: 175\r\nHost: 192.168.1.2:6055\r\nConnection: Keep-Alive\r\nAccept-Encoding: gzip\r\n\r\nid=10430479&lat=7.1203207&lon=-73.1352006&timestamp=1786833867&accuracy=29.92300033569336&altitude=934.3999633789062&speed=0.28&bearing=230.37840270996094&batt=96&charge=false
2026-08-15 23:01:03  INFO: [T5566e440: osmand > 172.18.0.1] HTTP/1.1 200 OK\r\ncontent-length: 0\r\n\r\n
2026-08-15 23:01:06  INFO: [T5566e440] id: 10430479, time: 2026-08-15 22:43:34, lat: 7.12033, lon: -73.13520, course: 0.0, accuracy: 25.2
2026-08-15 23:01:06  INFO: [T5566e440] id: 10430479, time: 2026-08-15 22:44:27, lat: 7.12032, lon: -73.13520, speed: 0.3, course: 230.4, accuracy: 29.9
2026-08-15 23:06:03  INFO: [T5566e440] disconnected
2026-08-15 23:10:49  INFO: [T9f995403] connected
2026-08-15 23:10:49  INFO: [T9f995403: osmand < 172.18.0.1] POST / HTTP/1.1\r\nAccept: */*\r\nUser-Agent: ktor-client\r\nContent-Type: application/x-www-form-urlencoded; charset=UTF-8\r\nContent-Length: 126\r\nHost: 192.168.1.2:6055\r\nConnection: Keep-Alive\r\nAccept-Encoding: gzip\r\n\r\nid=10430479&lat=7.1203264&lon=-73.1351983&timestamp=1786835450&accuracy=14.555000305175781&altitude=934.5&batt=94&charge=false
2026-08-15 23:10:49  INFO: [T9f995403: osmand > 172.18.0.1] HTTP/1.1 200 OK\r\ncontent-length: 0\r\n\r\n
2026-08-15 23:10:49  INFO: [T9f995403: osmand < 172.18.0.1] POST / HTTP/1.1\r\nAccept: */*\r\nUser-Agent: ktor-client\r\nContent-Type: application/x-www-form-urlencoded; charset=UTF-8\r\nContent-Length: 136\r\nHost: 192.168.1.2:6055\r\nConnection: Keep-Alive\r\nAccept-Encoding: gzip\r\n\r\nid=10430479&lat=7.1203264&lon=-73.1351983&timestamp=1786835450&accuracy=14.555000305175781&altitude=934.5&batt=94&charge=false&alarm=sos
2026-08-15 23:10:49  INFO: [T9f995403: osmand > 172.18.0.1] HTTP/1.1 200 OK\r\ncontent-length: 0\r\n\r\n
2026-08-15 23:10:50  INFO: [Td00a2741] connected
2026-08-15 23:10:50  INFO: [Td00a2741: osmand < 172.18.0.1] POST / HTTP/1.1\r\nuser-agent: Dart/3.12 (dart:io)\r\ncontent-type: application/x-www-form-urlencoded\r\ntransfer-encoding: chunked\r\naccept-encoding: gzip\r\nhost: 192.168.1.2:6055\r\n\r\nAE\r\nid=10430479&notificationToken=dTpDsDKrQXmwkjHH6IzsVV%3AAPA91bGG33bWRc4r-FOHxOXxfzV8OVLuBaDNI8Ey0ty0bz6YATKijgbm5Qbzs3eCUBgYvpyuUMovd3AUyuWdIzM86c0GXOCrnIRdmbiYtZ4EwitIjMONiO4\r\n0\r\n\r\n
2026-08-15 23:10:50  INFO: [Td00a2741: osmand > 172.18.0.1] HTTP/1.1 200 OK\r\ncontent-length: 0\r\n\r\n
2026-08-15 23:10:52  INFO: [T9f995403] id: 10430479, time: 2026-08-15 23:10:50, lat: 7.12033, lon: -73.13520, course: 0.0, accuracy: 14.6
2026-08-15 23:10:52  INFO: Event id: 10430479, time: 2026-08-15 23:10:50, type: alarm, notifications: 0
2026-08-15 23:10:52  INFO: [T9f995403] id: 10430479, time: 2026-08-15 23:10:50, lat: 7.12033, lon: -73.13520, course: 0.0, accuracy: 14.6
2026-08-15 23:10:53  INFO: [Td00a2741] id: 10430479, time: 2026-08-15 23:10:50, lat: 7.12033, lon: -73.13520, course: 0.0, accuracy: 14.6
2026-08-15 23:11:05  INFO: [Td00a2741] disconnected
2026-08-15 23:11:09  INFO: [T9f995403: osmand < 172.18.0.1] POST / HTTP/1.1\r\nAccept: */*\r\nUser-Agent: ktor-client\r\nContent-Type: application/x-www-form-urlencoded; charset=UTF-8\r\nContent-Length: 145\r\nHost: 192.168.1.2:6055\r\nConnection: Keep-Alive\r\nAccept-Encoding: gzip\r\n\r\nid=10430479&lat=7.1202328&lon=-73.135169&timestamp=1786835472&accuracy=12.307999610900879&altitude=934.5&speed=0.0&batt=94&charge=false&alarm=sos
2026-08-15 23:11:09  INFO: [T9f995403: osmand > 172.18.0.1] HTTP/1.1 200 OK\r\ncontent-length: 0\r\n\r\n
2026-08-15 23:11:11  INFO: [Te82577e1] connected
2026-08-15 23:11:11  INFO: [Te82577e1: osmand < 172.18.0.1] POST / HTTP/1.1\r\nuser-agent: Dart/3.12 (dart:io)\r\ncontent-type: application/x-www-form-urlencoded\r\ntransfer-encoding: chunked\r\naccept-encoding: gzip\r\nhost: 192.168.1.2:6055\r\n\r\nAE\r\nid=10430479&notificationToken=dTpDsDKrQXmwkjHH6IzsVV%3AAPA91bGG33bWRc4r-FOHxOXxfzV8OVLuBaDNI8Ey0ty0bz6YATKijgbm5Qbzs3eCUBgYvpyuUMovd3AUyuWdIzM86c0GXOCrnIRdmbiYtZ4EwitIjMONiO4\r\n0\r\n\r\n
2026-08-15 23:11:11  INFO: [Te82577e1: osmand > 172.18.0.1] HTTP/1.1 200 OK\r\ncontent-length: 0\r\n\r\n
2026-08-15 23:11:14  INFO: [Te82577e1] id: 10430479, time: 2026-08-15 23:10:50, lat: 7.12033, lon: -73.13520, course: 0.0, accuracy: 14.6
2026-08-15 23:11:14  INFO: Event id: 10430479, time: 2026-08-15 23:11:12, type: alarm, notifications: 0
2026-08-15 23:11:14  INFO: [T9f995403] id: 10430479, time: 2026-08-15 23:11:12, lat: 7.12023, lon: -73.13517, course: 0.0, accuracy: 12.3
2026-08-15 23:11:26  INFO: [Te82577e1] disconnected
2026-08-15 23:16:09  INFO: [T9f995403] disconnected
2026-08-15 23:31:02  WARN: HikariPool-1 - Failed to validate connection com.mysql.cj.jdbc.ConnectionImpl@6173f24 (No operations allowed after connection closed.). Possibly consider using a shorter maxLifetime value.
2026-08-15 23:31:12  WARN: HikariPool-1 - Failed to validate connection com.mysql.cj.jdbc.ConnectionImpl@72234e75 (No operations allowed after connection closed.). Possibly consider using a shorter maxLifetime value.
2026-08-15 23:31:20  WARN: HikariPool-1 - Failed to validate connection com.mysql.cj.jdbc.ConnectionImpl@1391c461 (No operations allowed after connection closed.). Possibly consider using a shorter maxLifetime value.
2026-08-15 23:31:22  WARN: HikariPool-1 - Failed to validate connection com.mysql.cj.jdbc.ConnectionImpl@3ddd1182 (No operations allowed after connection closed.). Possibly consider using a shorter maxLifetime value.
2026-08-15 23:31:28  WARN: HikariPool-1 - Failed to validate connection com.mysql.cj.jdbc.ConnectionImpl@10ef217a (No operations allowed after connection closed.). Possibly consider using a shorter maxLifetime value.
2026-08-15 23:31:29  WARN: HikariPool-1 - Failed to validate connection com.mysql.cj.jdbc.ConnectionImpl@ab9a802 (No operations allowed after connection closed.). Possibly consider using a shorter maxLifetime value.
2026-08-15 23:31:32  WARN: HikariPool-1 - Failed to validate connection com.mysql.cj.jdbc.ConnectionImpl@4fc31fa1 (No operations allowed after connection closed.). Possibly consider using a shorter maxLifetime value.
2026-08-15 23:31:58  WARN: HikariPool-1 - Failed to validate connection com.mysql.cj.jdbc.ConnectionImpl@5311fb16 (No operations allowed after connection closed.). Possibly consider using a shorter maxLifetime value.
2026-08-15 23:32:00  WARN: HikariPool-1 - Failed to validate connection com.mysql.cj.jdbc.ConnectionImpl@2beb4264 (No operations allowed after connection closed.). Possibly consider using a shorter maxLifetime value.
2026-08-15 23:32:00  WARN: HikariPool-1 - Failed to validate connection com.mysql.cj.jdbc.ConnectionImpl@49ba7e02 (No operations allowed after connection closed.). Possibly consider using a shorter maxLifetime value.
2026-08-15 23:32:01  WARN: HikariPool-1 - Failed to validate connection com.mysql.cj.jdbc.ConnectionImpl@18d8ff3d (No operations allowed after connection closed.). Possibly consider using a shorter maxLifetime value.
2026-08-15 23:32:05  WARN: HikariPool-1 - Failed to validate connection com.mysql.cj.jdbc.ConnectionImpl@3dd7aca (No operations allowed after connection closed.). Possibly consider using a shorter maxLifetime value.
2026-08-15 23:32:07  WARN: HikariPool-1 - Failed to validate connection com.mysql.cj.jdbc.ConnectionImpl@3ed0a14f (No operations allowed after connection closed.). Possibly consider using a shorter maxLifetime value.
2026-08-15 23:32:09  WARN: HikariPool-1 - Failed to validate connection com.mysql.cj.jdbc.ConnectionImpl@25a18a2f (No operations allowed after connection closed.). Possibly consider using a shorter maxLifetime value.
2026-08-15 23:32:09  WARN: HikariPool-1 - Failed to validate connection com.mysql.cj.jdbc.ConnectionImpl@b2164ce (No operations allowed after connection closed.). Possibly consider using a shorter maxLifetime value.
2026-08-15 23:32:14  WARN: HikariPool-1 - Failed to validate connection com.mysql.cj.jdbc.ConnectionImpl@7af126ff (No operations allowed after connection closed.). Possibly consider using a shorter maxLifetime value.
2026-08-15 23:32:17  WARN: HikariPool-1 - Failed to validate connection com.mysql.cj.jdbc.ConnectionImpl@498f18eb (No operations allowed after connection closed.). Possibly consider using a shorter maxLifetime value.
2026-08-15 23:32:24  WARN: HikariPool-1 - Failed to validate connection com.mysql.cj.jdbc.ConnectionImpl@2872cec2 (No operations allowed after connection closed.). Possibly consider using a shorter maxLifetime value.
2026-08-15 23:32:26  WARN: HikariPool-1 - Failed to validate connection com.mysql.cj.jdbc.ConnectionImpl@75d4f1c4 (No operations allowed after connection closed.). Possibly consider using a shorter maxLifetime value.
2026-08-15 23:32:32  WARN: HikariPool-1 - Failed to validate connection com.mysql.cj.jdbc.ConnectionImpl@70b8f0e0 (No operations allowed after connection closed.). Possibly consider using a shorter maxLifetime value.
2026-08-16 00:26:07  INFO: Operating system name: Linux version: 6.6.87.2-microsoft-standard-WSL2 architecture: amd64
2026-08-16 00:26:07  INFO: Java runtime name: OpenJDK 64-Bit Server VM vendor: Eclipse Adoptium version: 21.0.11+10-LTS
2026-08-16 00:26:07  INFO: Memory limit heap: 1978mb non-heap: 0mb
2026-08-16 00:26:07  INFO: Character encoding: UTF-8
2026-08-16 00:26:07  INFO: Version: 6.14.5
2026-08-16 00:26:07  INFO: Starting server...
2026-08-16 00:26:08  INFO: HikariPool-1 - Starting...
2026-08-16 00:26:08  INFO: HikariPool-1 - Added connection com.mysql.cj.jdbc.ConnectionImpl@ff6077
2026-08-16 00:26:08  INFO: HikariPool-1 - Start completed.
2026-08-16 00:26:10  INFO: Successfully acquired change log lock
2026-08-16 00:26:10  INFO: Clearing database change log checksums for database mariadb
2026-08-16 00:26:10  INFO: Successfully released change log lock
2026-08-16 00:26:10  INFO: Command execution complete
2026-08-16 00:26:11  INFO: Reading from traccar.databasechangelog
2026-08-16 00:26:14  INFO: Reading from traccar.databasechangelog
2026-08-16 00:26:14  INFO: Reading from traccar.databasechangelog
2026-08-16 00:26:14  INFO: UPDATE SUMMARY
2026-08-16 00:26:14  INFO: Run:                          0
2026-08-16 00:26:14  INFO: Previously run:              33
2026-08-16 00:26:14  INFO: Filtered out:                 1
2026-08-16 00:26:14  INFO: -------------------------------
2026-08-16 00:26:14  INFO: Total change sets:           34
2026-08-16 00:26:14  INFO: FILTERED CHANGE SETS SUMMARY
2026-08-16 00:26:14  INFO: DBMS mismatch:                1
2026-08-16 00:26:14  INFO: Update summary generated
2026-08-16 00:26:14  INFO: Command execution complete
2026-08-16 00:26:17  INFO: jetty-12.1.8; built: 2026-04-01T01:09:18.991Z; git: c9cdc9aaa434a3665b8a53b4d1cc3684992da649; jvm 21.0.11+10-LTS
2026-08-16 00:26:17  INFO: Session workerName=node0
2026-08-16 00:26:17  INFO: Started oeje10s.ServletContextHandler@66314fee{ROOT,/,b=file:///opt/taipan/web/,a=AVAILABLE,h=oeje10s.SessionHandler@14b5325f{STARTED}}
2026-08-16 00:26:21  INFO: Started oeje10s.ServletContextHandler@66314fee{ROOT,/,b=file:///opt/taipan/web/,a=AVAILABLE,h=oeje10s.SessionHandler@14b5325f{STARTED}}
2026-08-16 00:26:21  INFO: Started oejs.ServerConnector@1ba3c03d{HTTP/1.1, (http/1.1)}{0.0.0.0:8082}
2026-08-16 00:26:21  INFO: Started oejs.Server@9a37591{STARTING}[12.1.8,sto=0] @3509ms
2026-08-16 00:34:08  INFO: Operating system name: Linux version: 6.6.87.2-microsoft-standard-WSL2 architecture: amd64
2026-08-16 00:34:08  INFO: Java runtime name: OpenJDK 64-Bit Server VM vendor: Eclipse Adoptium version: 21.0.11+10-LTS
2026-08-16 00:34:08  INFO: Memory limit heap: 1978mb non-heap: 0mb
2026-08-16 00:34:08  INFO: Character encoding: UTF-8
2026-08-16 00:34:08  INFO: Version: 6.14.5
2026-08-16 00:34:08  INFO: Starting server...
2026-08-16 00:34:08  INFO: HikariPool-1 - Starting...
2026-08-16 00:34:09  INFO: HikariPool-1 - Added connection com.mysql.cj.jdbc.ConnectionImpl@ff6077
2026-08-16 00:34:09  INFO: HikariPool-1 - Start completed.
2026-08-16 00:34:11  INFO: Successfully acquired change log lock
2026-08-16 00:34:11  INFO: Clearing database change log checksums for database mariadb
2026-08-16 00:34:11  INFO: Successfully released change log lock
2026-08-16 00:34:11  INFO: Command execution complete
2026-08-16 00:34:12  INFO: Reading from traccar.databasechangelog
2026-08-16 00:34:15  INFO: Reading from traccar.databasechangelog
2026-08-16 00:34:15  INFO: Reading from traccar.databasechangelog
2026-08-16 00:34:15  INFO: UPDATE SUMMARY
2026-08-16 00:34:15  INFO: Run:                          0
2026-08-16 00:34:15  INFO: Previously run:              33
2026-08-16 00:34:15  INFO: Filtered out:                 1
2026-08-16 00:34:15  INFO: -------------------------------
2026-08-16 00:34:15  INFO: Total change sets:           34
2026-08-16 00:34:15  INFO: FILTERED CHANGE SETS SUMMARY
2026-08-16 00:34:15  INFO: DBMS mismatch:                1
2026-08-16 00:34:15  INFO: Update summary generated
2026-08-16 00:34:15  INFO: Command execution complete
2026-08-16 00:34:20  INFO: jetty-12.1.8; built: 2026-04-01T01:09:18.991Z; git: c9cdc9aaa434a3665b8a53b4d1cc3684992da649; jvm 21.0.11+10-LTS
2026-08-16 00:34:21  INFO: Session workerName=node0
2026-08-16 00:34:21  INFO: Started oeje10s.ServletContextHandler@66314fee{ROOT,/,b=file:///opt/taipan/web/,a=AVAILABLE,h=oeje10s.SessionHandler@14b5325f{STARTED}}
2026-08-16 00:34:24  INFO: Started oeje10s.ServletContextHandler@66314fee{ROOT,/,b=file:///opt/taipan/web/,a=AVAILABLE,h=oeje10s.SessionHandler@14b5325f{STARTED}}
2026-08-16 00:34:24  INFO: Started oejs.ServerConnector@1ba3c03d{HTTP/1.1, (http/1.1)}{0.0.0.0:8082}
2026-08-16 00:34:24  INFO: Started oejs.Server@9a37591{STARTING}[12.1.8,sto=0] @4373ms
2026-08-16 00:37:22  WARN: HikariPool-1 - Failed to validate connection com.mysql.cj.jdbc.ConnectionImpl@683f2db8 (No operations allowed after connection closed.). Possibly consider using a shorter maxLifetime value.
2026-08-16 00:37:22  WARN: HikariPool-1 - Failed to validate connection com.mysql.cj.jdbc.ConnectionImpl@ff6077 (No operations allowed after connection closed.). Possibly consider using a shorter maxLifetime value.
2026-08-16 00:37:24  WARN: HikariPool-1 - Failed to validate connection com.mysql.cj.jdbc.ConnectionImpl@315bdb95 (No operations allowed after connection closed.). Possibly consider using a shorter maxLifetime value.
2026-08-16 00:37:26  WARN: HikariPool-1 - Failed to validate connection com.mysql.cj.jdbc.ConnectionImpl@3308fee4 (No operations allowed after connection closed.). Possibly consider using a shorter maxLifetime value.
2026-08-16 00:37:27  WARN: HikariPool-1 - Failed to validate connection com.mysql.cj.jdbc.ConnectionImpl@1e305260 (No operations allowed after connection closed.). Possibly consider using a shorter maxLifetime value.
2026-08-16 00:37:27  WARN: HikariPool-1 - Failed to validate connection com.mysql.cj.jdbc.ConnectionImpl@27b8f326 (No operations allowed after connection closed.). Possibly consider using a shorter maxLifetime value.
2026-08-16 00:37:29  WARN: HikariPool-1 - Failed to validate connection com.mysql.cj.jdbc.ConnectionImpl@f2e49fc (No operations allowed after connection closed.). Possibly consider using a shorter maxLifetime value.
2026-08-16 00:37:31  WARN: HikariPool-1 - Failed to validate connection com.mysql.cj.jdbc.ConnectionImpl@2252ca5c (No operations allowed after connection closed.). Possibly consider using a shorter maxLifetime value.
2026-08-16 00:37:34  WARN: HikariPool-1 - Failed to validate connection com.mysql.cj.jdbc.ConnectionImpl@41940fb4 (No operations allowed after connection closed.). Possibly consider using a shorter maxLifetime value.
2026-08-16 00:37:36  WARN: HikariPool-1 - Failed to validate connection com.mysql.cj.jdbc.ConnectionImpl@2e6f5228 (No operations allowed after connection closed.). Possibly consider using a shorter maxLifetime value.
2026-08-16 00:37:37  WARN: HikariPool-1 - Failed to validate connection com.mysql.cj.jdbc.ConnectionImpl@351650cd (No operations allowed after connection closed.). Possibly consider using a shorter maxLifetime value.
2026-08-16 00:37:39  WARN: HikariPool-1 - Failed to validate connection com.mysql.cj.jdbc.ConnectionImpl@20fef499 (No operations allowed after connection closed.). Possibly consider using a shorter maxLifetime value.
2026-08-16 00:37:42  WARN: HikariPool-1 - Failed to validate connection com.mysql.cj.jdbc.ConnectionImpl@3310006 (No operations allowed after connection closed.). Possibly consider using a shorter maxLifetime value.
2026-08-16 00:37:43  WARN: HikariPool-1 - Failed to validate connection com.mysql.cj.jdbc.ConnectionImpl@8dc7d2 (No operations allowed after connection closed.). Possibly consider using a shorter maxLifetime value.
2026-08-16 00:37:47  WARN: HikariPool-1 - Failed to validate connection com.mysql.cj.jdbc.ConnectionImpl@3ae3b529 (No operations allowed after connection closed.). Possibly consider using a shorter maxLifetime value.
2026-08-16 00:37:51  WARN: HikariPool-1 - Failed to validate connection com.mysql.cj.jdbc.ConnectionImpl@63094f9 (No operations allowed after connection closed.). Possibly consider using a shorter maxLifetime value.
2026-08-16 00:37:52  WARN: HikariPool-1 - Failed to validate connection com.mysql.cj.jdbc.ConnectionImpl@5d69669d (No operations allowed after connection closed.). Possibly consider using a shorter maxLifetime value.
2026-08-16 00:37:59  WARN: HikariPool-1 - Failed to validate connection com.mysql.cj.jdbc.ConnectionImpl@5cf95edc (No operations allowed after connection closed.). Possibly consider using a shorter maxLifetime value.
2026-08-16 00:38:05  WARN: HikariPool-1 - Failed to validate connection com.mysql.cj.jdbc.ConnectionImpl@2c39d10c (No operations allowed after connection closed.). Possibly consider using a shorter maxLifetime value.
2026-08-16 00:38:09  WARN: HikariPool-1 - Failed to validate connection com.mysql.cj.jdbc.ConnectionImpl@723bacc7 (No operations allowed after connection closed.). Possibly consider using a shorter maxLifetime value.
2026-08-16 00:46:21  WARN: baseResource file:///opt/taipan/./media is not a readable directory
2026-08-16 00:47:26  INFO: Stopping server...
2026-08-16 00:50:55  INFO: Operating system name: Linux version: 6.6.87.2-microsoft-standard-WSL2 architecture: amd64
2026-08-16 00:50:55  INFO: Java runtime name: OpenJDK 64-Bit Server VM vendor: Eclipse Adoptium version: 21.0.11+10-LTS
2026-08-16 00:50:55  INFO: Memory limit heap: 1978mb non-heap: 0mb
2026-08-16 00:50:55  INFO: Character encoding: UTF-8
2026-08-16 00:50:55  INFO: Version: 6.14.5
2026-08-16 00:50:55  INFO: Starting server...
2026-08-16 00:50:56  INFO: HikariPool-1 - Starting...
2026-08-16 00:50:57  INFO: HikariPool-1 - Added connection com.mysql.cj.jdbc.ConnectionImpl@ff6077
2026-08-16 00:50:57  INFO: HikariPool-1 - Start completed.
2026-08-16 00:50:58  INFO: Successfully acquired change log lock
2026-08-16 00:50:58  INFO: Clearing database change log checksums for database mariadb
2026-08-16 00:50:58  INFO: Successfully released change log lock
2026-08-16 00:50:58  INFO: Command execution complete
2026-08-16 00:51:00  INFO: Reading from traccar.databasechangelog
2026-08-16 00:51:02  INFO: Reading from traccar.databasechangelog
2026-08-16 00:51:02  INFO: Reading from traccar.databasechangelog
2026-08-16 00:51:02  INFO: UPDATE SUMMARY
2026-08-16 00:51:02  INFO: Run:                          0
2026-08-16 00:51:02  INFO: Previously run:              33
2026-08-16 00:51:02  INFO: Filtered out:                 1
2026-08-16 00:51:02  INFO: -------------------------------
2026-08-16 00:51:02  INFO: Total change sets:           34
2026-08-16 00:51:02  INFO: FILTERED CHANGE SETS SUMMARY
2026-08-16 00:51:02  INFO: DBMS mismatch:                1
2026-08-16 00:51:02  INFO: Update summary generated
2026-08-16 00:51:02  INFO: Command execution complete
2026-08-16 00:51:07  INFO: jetty-12.1.8; built: 2026-04-01T01:09:18.991Z; git: c9cdc9aaa434a3665b8a53b4d1cc3684992da649; jvm 21.0.11+10-LTS
2026-08-16 00:51:07  INFO: Session workerName=node0
2026-08-16 00:51:07  INFO: Started oeje10s.ServletContextHandler@1e4d8770{ROOT,/,b=file:///opt/taipan/web/,a=AVAILABLE,h=oeje10s.SessionHandler@5b5b9521{STARTED}}
2026-08-16 00:51:08  INFO: Started oeje10s.ServletContextHandler@1e4d8770{ROOT,/,b=file:///opt/taipan/web/,a=AVAILABLE,h=oeje10s.SessionHandler@5b5b9521{STARTED}}
2026-08-16 00:51:08  INFO: Started oejs.ServerConnector@1831447c{HTTP/1.1, (http/1.1)}{0.0.0.0:8082}
2026-08-16 00:51:08  INFO: Started oejs.Server@7741507c{STARTING}[12.1.8,sto=0] @1118ms
2026-08-16 00:52:06  WARN: baseResource file:///opt/taipan/./media is not a readable directory
2026-08-16 00:58:51  INFO: Operating system name: Linux version: 6.6.87.2-microsoft-standard-WSL2 architecture: amd64
2026-08-16 00:58:51  INFO: Java runtime name: OpenJDK 64-Bit Server VM vendor: Eclipse Adoptium version: 21.0.11+10-LTS
2026-08-16 00:58:51  INFO: Memory limit heap: 1978mb non-heap: 0mb
2026-08-16 00:58:51  INFO: Character encoding: UTF-8
2026-08-16 00:58:51  INFO: Version: 6.14.5
2026-08-16 00:58:51  INFO: Starting server...
2026-08-16 00:58:53  INFO: HikariPool-1 - Starting...
2026-08-16 00:58:55  INFO: HikariPool-1 - Added connection com.mysql.cj.jdbc.ConnectionImpl@ff6077
2026-08-16 00:58:55  INFO: HikariPool-1 - Start completed.
2026-08-16 00:58:57  INFO: Successfully acquired change log lock
2026-08-16 00:58:58  INFO: Clearing database change log checksums for database mariadb
2026-08-16 00:58:58  INFO: Successfully released change log lock
2026-08-16 00:58:58  INFO: Command execution complete
2026-08-16 00:59:01  INFO: Reading from traccar.databasechangelog
2026-08-16 00:59:06  INFO: Reading from traccar.databasechangelog
2026-08-16 00:59:06  INFO: Reading from traccar.databasechangelog
2026-08-16 00:59:06  INFO: UPDATE SUMMARY
2026-08-16 00:59:06  INFO: Run:                          0
2026-08-16 00:59:06  INFO: Previously run:              33
2026-08-16 00:59:06  INFO: Filtered out:                 1
2026-08-16 00:59:06  INFO: -------------------------------
2026-08-16 00:59:06  INFO: Total change sets:           34
2026-08-16 00:59:06  INFO: FILTERED CHANGE SETS SUMMARY
2026-08-16 00:59:06  INFO: DBMS mismatch:                1
2026-08-16 00:59:06  INFO: Update summary generated
2026-08-16 00:59:06  INFO: Command execution complete
2026-08-16 00:59:13  INFO: jetty-12.1.8; built: 2026-04-01T01:09:18.991Z; git: c9cdc9aaa434a3665b8a53b4d1cc3684992da649; jvm 21.0.11+10-LTS
2026-08-16 00:59:13  INFO: Session workerName=node0
2026-08-16 00:59:13  INFO: Started oeje10s.ServletContextHandler@66314fee{ROOT,/,b=file:///opt/taipan/web/,a=AVAILABLE,h=oeje10s.SessionHandler@14b5325f{STARTED}}
2026-08-16 00:59:15  INFO: Started oeje10s.ServletContextHandler@66314fee{ROOT,/,b=file:///opt/taipan/web/,a=AVAILABLE,h=oeje10s.SessionHandler@14b5325f{STARTED}}
2026-08-16 00:59:15  INFO: Started oejs.ServerConnector@1ba3c03d{HTTP/1.1, (http/1.1)}{0.0.0.0:8082}
2026-08-16 00:59:15  INFO: Started oejs.Server@9a37591{STARTING}[12.1.8,sto=0] @1752ms
2026-08-16 00:59:26  WARN: baseResource file:///opt/taipan/./media is not a readable directory
2026-08-16 15:35:06  INFO: Operating system name: Linux version: 6.6.87.2-microsoft-standard-WSL2 architecture: amd64
2026-08-16 15:35:06  INFO: Java runtime name: OpenJDK 64-Bit Server VM vendor: Eclipse Adoptium version: 21.0.11+10-LTS
2026-08-16 15:35:06  INFO: Memory limit heap: 1978mb non-heap: 0mb
2026-08-16 15:35:06  INFO: Character encoding: UTF-8
2026-08-16 15:35:06  INFO: Version: 6.14.5
2026-08-16 15:35:06  INFO: Starting server...
2026-08-16 15:35:08  INFO: HikariPool-1 - Starting...
2026-08-16 15:35:13  INFO: HikariPool-1 - Added connection com.mysql.cj.jdbc.ConnectionImpl@ff6077
2026-08-16 15:35:13  INFO: HikariPool-1 - Start completed.
2026-08-16 15:35:18  INFO: Successfully acquired change log lock
2026-08-16 15:35:18  INFO: Clearing database change log checksums for database mariadb
2026-08-16 15:35:18  INFO: Successfully released change log lock
2026-08-16 15:35:18  INFO: Command execution complete
2026-08-16 15:35:20  INFO: Reading from taipan.DATABASECHANGELOG
2026-08-16 15:35:22  INFO: Reading from taipan.DATABASECHANGELOG
2026-08-16 15:35:22  INFO: Reading from taipan.DATABASECHANGELOG
2026-08-16 15:35:22  INFO: UPDATE SUMMARY
2026-08-16 15:35:22  INFO: Run:                          0
2026-08-16 15:35:22  INFO: Previously run:              33
2026-08-16 15:35:22  INFO: Filtered out:                 1
2026-08-16 15:35:22  INFO: -------------------------------
2026-08-16 15:35:22  INFO: Total change sets:           34
2026-08-16 15:35:22  INFO: FILTERED CHANGE SETS SUMMARY
2026-08-16 15:35:22  INFO: DBMS mismatch:                1
2026-08-16 15:35:22  INFO: Update summary generated
2026-08-16 15:35:22  INFO: Command execution complete
2026-08-16 15:35:26  INFO: jetty-12.1.8; built: 2026-04-01T01:09:18.991Z; git: c9cdc9aaa434a3665b8a53b4d1cc3684992da649; jvm 21.0.11+10-LTS
2026-08-16 15:35:26  INFO: Session workerName=node0
2026-08-16 15:35:26  INFO: Started oeje10s.ServletContextHandler@66314fee{ROOT,/,b=file:///opt/taipan/web/,a=AVAILABLE,h=oeje10s.SessionHandler@14b5325f{STARTED}}
2026-08-16 15:35:29  INFO: Started oeje10s.ServletContextHandler@66314fee{ROOT,/,b=file:///opt/taipan/web/,a=AVAILABLE,h=oeje10s.SessionHandler@14b5325f{STARTED}}
2026-08-16 15:35:29  INFO: Started oejs.ServerConnector@1ba3c03d{HTTP/1.1, (http/1.1)}{0.0.0.0:8082}
2026-08-16 15:35:29  INFO: Started oejs.Server@9a37591{STARTING}[12.1.8,sto=0] @3108ms
2026-08-16 15:36:41  WARN: baseResource file:///opt/taipan/./media is not a readable directory
2026-08-16 15:42:51  INFO: Operating system name: Linux version: 6.6.87.2-microsoft-standard-WSL2 architecture: amd64
2026-08-16 15:42:51  INFO: Java runtime name: OpenJDK 64-Bit Server VM vendor: Eclipse Adoptium version: 21.0.11+10-LTS
2026-08-16 15:42:51  INFO: Memory limit heap: 1978mb non-heap: 0mb
2026-08-16 15:42:51  INFO: Character encoding: UTF-8
2026-08-16 15:42:51  INFO: Version: 6.14.5
2026-08-16 15:42:51  INFO: Starting server...
2026-08-16 15:42:52  INFO: HikariPool-1 - Starting...
2026-08-16 15:42:53  INFO: HikariPool-1 - Added connection com.mysql.cj.jdbc.ConnectionImpl@ff6077
2026-08-16 15:42:53  INFO: HikariPool-1 - Start completed.
2026-08-16 15:42:54  INFO: Successfully acquired change log lock
2026-08-16 15:42:54  INFO: Clearing database change log checksums for database mariadb
2026-08-16 15:42:54  INFO: Successfully released change log lock
2026-08-16 15:42:54  INFO: Command execution complete
2026-08-16 15:42:55  INFO: Reading from taipan.DATABASECHANGELOG
2026-08-16 15:42:56  INFO: Reading from taipan.DATABASECHANGELOG
2026-08-16 15:42:56  INFO: Reading from taipan.DATABASECHANGELOG
2026-08-16 15:42:56  INFO: UPDATE SUMMARY
2026-08-16 15:42:56  INFO: Run:                          0
2026-08-16 15:42:56  INFO: Previously run:              33
2026-08-16 15:42:56  INFO: Filtered out:                 1
2026-08-16 15:42:56  INFO: -------------------------------
2026-08-16 15:42:56  INFO: Total change sets:           34
2026-08-16 15:42:56  INFO: FILTERED CHANGE SETS SUMMARY
2026-08-16 15:42:56  INFO: DBMS mismatch:                1
2026-08-16 15:42:56  INFO: Update summary generated
2026-08-16 15:42:56  INFO: Command execution complete
2026-08-16 15:43:01  INFO: jetty-12.1.8; built: 2026-04-01T01:09:18.991Z; git: c9cdc9aaa434a3665b8a53b4d1cc3684992da649; jvm 21.0.11+10-LTS
2026-08-16 15:43:01  INFO: Session workerName=node0
2026-08-16 15:43:01  INFO: Started oeje10s.ServletContextHandler@66314fee{ROOT,/,b=file:///opt/taipan/web/,a=AVAILABLE,h=oeje10s.SessionHandler@14b5325f{STARTED}}
2026-08-16 15:43:02  INFO: Started oeje10s.ServletContextHandler@66314fee{ROOT,/,b=file:///opt/taipan/web/,a=AVAILABLE,h=oeje10s.SessionHandler@14b5325f{STARTED}}
2026-08-16 15:43:02  INFO: Started oejs.ServerConnector@1ba3c03d{HTTP/1.1, (http/1.1)}{0.0.0.0:8082}
2026-08-16 15:43:02  INFO: Started oejs.Server@9a37591{STARTING}[12.1.8,sto=0] @1223ms
2026-08-16 15:51:35  INFO: Operating system name: Linux version: 6.6.87.2-microsoft-standard-WSL2 architecture: amd64
2026-08-16 15:51:35  INFO: Java runtime name: OpenJDK 64-Bit Server VM vendor: Eclipse Adoptium version: 21.0.11+10-LTS
2026-08-16 15:51:35  INFO: Memory limit heap: 1978mb non-heap: 0mb
2026-08-16 15:51:35  INFO: Character encoding: UTF-8
2026-08-16 15:51:35  INFO: Version: 6.14.5
2026-08-16 15:51:35  INFO: Starting server...
2026-08-16 15:51:36  INFO: HikariPool-1 - Starting...
2026-08-16 15:51:37  INFO: HikariPool-1 - Added connection com.mysql.cj.jdbc.ConnectionImpl@ff6077
2026-08-16 15:51:37  INFO: HikariPool-1 - Start completed.
2026-08-16 15:51:38  INFO: Successfully acquired change log lock
2026-08-16 15:51:38  INFO: Clearing database change log checksums for database mariadb
2026-08-16 15:51:38  INFO: Successfully released change log lock
2026-08-16 15:51:38  INFO: Command execution complete
2026-08-16 15:51:40  INFO: Reading from taipan.DATABASECHANGELOG
2026-08-16 15:51:42  INFO: Reading from taipan.DATABASECHANGELOG
2026-08-16 15:51:42  INFO: Reading from taipan.DATABASECHANGELOG
2026-08-16 15:51:42  INFO: UPDATE SUMMARY
2026-08-16 15:51:42  INFO: Run:                          0
2026-08-16 15:51:42  INFO: Previously run:              33
2026-08-16 15:51:42  INFO: Filtered out:                 1
2026-08-16 15:51:42  INFO: -------------------------------
2026-08-16 15:51:42  INFO: Total change sets:           34
2026-08-16 15:51:42  INFO: FILTERED CHANGE SETS SUMMARY
2026-08-16 15:51:42  INFO: DBMS mismatch:                1
2026-08-16 15:51:42  INFO: Update summary generated
2026-08-16 15:51:42  INFO: Command execution complete
2026-08-16 15:51:46  INFO: jetty-12.1.8; built: 2026-04-01T01:09:18.991Z; git: c9cdc9aaa434a3665b8a53b4d1cc3684992da649; jvm 21.0.11+10-LTS
2026-08-16 15:51:46  INFO: Session workerName=node0
2026-08-16 15:51:46  INFO: Started oeje10s.ServletContextHandler@6cc90398{ROOT,/,b=file:///opt/taipan/web/,a=AVAILABLE,h=oeje10s.SessionHandler@6b6fd0{STARTED}}
2026-08-16 15:51:49  INFO: Started oeje10s.ServletContextHandler@6cc90398{ROOT,/,b=file:///opt/taipan/web/,a=AVAILABLE,h=oeje10s.SessionHandler@6b6fd0{STARTED}}
2026-08-16 15:51:50  INFO: Started oejs.ServerConnector@4468c0ea{HTTP/1.1, (http/1.1)}{0.0.0.0:8082}
2026-08-16 15:51:50  INFO: Started oejs.Server@41cf4272{STARTING}[12.1.8,sto=0] @3275ms
2026-08-16 10:55:32  INFO: Operating system name: Linux version: 6.6.87.2-microsoft-standard-WSL2 architecture: amd64
2026-08-16 10:55:32  INFO: Java runtime name: OpenJDK 64-Bit Server VM vendor: Eclipse Adoptium version: 21.0.11+10-LTS
2026-08-16 10:55:32  INFO: Memory limit heap: 1978mb non-heap: 0mb
2026-08-16 10:55:32  INFO: Character encoding: UTF-8
2026-08-16 10:55:32  INFO: Version: 6.14.5
2026-08-16 10:55:32  INFO: Starting server...
2026-08-16 10:55:32  INFO: HikariPool-1 - Starting...
2026-08-16 10:55:33  INFO: HikariPool-1 - Added connection com.mysql.cj.jdbc.ConnectionImpl@ff6077
2026-08-16 10:55:33  INFO: HikariPool-1 - Start completed.
2026-08-16 10:55:34  INFO: Successfully acquired change log lock
2026-08-16 10:55:34  INFO: Clearing database change log checksums for database mariadb
2026-08-16 10:55:34  INFO: Successfully released change log lock
2026-08-16 10:55:34  INFO: Command execution complete
2026-08-16 10:55:35  INFO: Reading from taipan.DATABASECHANGELOG
2026-08-16 10:55:36  INFO: Reading from taipan.DATABASECHANGELOG
2026-08-16 10:55:36  INFO: Reading from taipan.DATABASECHANGELOG
2026-08-16 10:55:36  INFO: UPDATE SUMMARY
2026-08-16 10:55:36  INFO: Run:                          0
2026-08-16 10:55:36  INFO: Previously run:              33
2026-08-16 10:55:36  INFO: Filtered out:                 1
2026-08-16 10:55:36  INFO: -------------------------------
2026-08-16 10:55:36  INFO: Total change sets:           34
2026-08-16 10:55:36  INFO: FILTERED CHANGE SETS SUMMARY
2026-08-16 10:55:36  INFO: DBMS mismatch:                1
2026-08-16 10:55:36  INFO: Update summary generated
2026-08-16 10:55:36  INFO: Command execution complete
2026-08-16 10:55:39  INFO: jetty-12.1.8; built: 2026-04-01T01:09:18.991Z; git: c9cdc9aaa434a3665b8a53b4d1cc3684992da649; jvm 21.0.11+10-LTS
2026-08-16 10:55:39  INFO: Session workerName=node0
2026-08-16 10:55:39  INFO: Started oeje10s.ServletContextHandler@3d718248{ROOT,/,b=file:///opt/taipan/web/,a=AVAILABLE,h=oeje10s.SessionHandler@2cdb5974{STARTED}}
2026-08-16 10:55:40  INFO: Started oeje10s.ServletContextHandler@3d718248{ROOT,/,b=file:///opt/taipan/web/,a=AVAILABLE,h=oeje10s.SessionHandler@2cdb5974{STARTED}}
2026-08-16 10:55:40  INFO: Started oejs.ServerConnector@4d84688f{HTTP/1.1, (http/1.1)}{0.0.0.0:8082}
2026-08-16 10:55:40  INFO: Started oejs.Server@3ee68eb2{STARTING}[12.1.8,sto=0] @956ms
2026-08-16 10:56:07  WARN: baseResource file:///opt/taipan/./media is not a readable directory
